PopulationName,StratumName,PlotId,TreeNumber,DBH,Height,HeightStatus,IsDead,OutsidePlot,MirageCount,LastMeasured,Species,StemType,SDiamHt,SDiamEstimate,Windblown,TreeComment,BEA,TDIST,TreeCode1,TreeCode2,CrHT,AuditTreeComment
Jelldale_Limited,1,1,1,554,,MISSING,Live,False,1,"2023-03-13 14:00:34",P.RAD,PLANTED,1.4,,,,,,,,,
Jelldale_Limited,1,1,2,586,29.7,NORMAL,Live,False,1,"2023-03-13 14:02:06",P.RAD,PLANTED,1.4,,,,,,,,,
Jelldale_Limited,1,1,3,515,28.1,NORMAL,Live,False,1,"2023-03-13 14:03:05",P.RAD,PLANTED,1.4,,,,,,,,,
Jelldale_Limited,1,1,4,341,24.7,NORMAL,Live,False,1,"2023-03-13 14:03:45",P.RAD,PLANTED,1.4,,,,,,,,,
Jelldale_Limited,1,1,5,471,26.7,NORMAL,Live,False,1,"2023-03-13 14:04:21",P.RAD,PLANTED,1.4,,,,,,,,,
Jelldale_Limited,1,1,6,578,24.4,NORMAL,Live,False,1,"2023-03-13 14:05:44",P.RAD,PLANTED,1.4,,,,,,,,,
Jelldale_Limited,1,1,7,399,,MISSING,Live,False,1,"2023-03-13 14:06:52",P.RAD,PLANTED,1.4,,,,,,,,,
Jelldale_Limited,1,1,8,493,25.6,NORMAL,Live,False,1,"2023-03-13 14:06:34",P.RAD,PLANTED,1.4,,,,,,,,,
Jelldale_Limited,1,1,9,441,,MISSING,Live,False,1,"2023-03-13 14:07:58",P.RAD,PLANTED,1.4,,,,,,,,,
Jelldale_Limited,1,1,10,494,,MISSING,Live,False,1,"2023-03-13 14:09:56",P.RAD,PLANTED,1.4,,,,,,,,,
Jelldale_Limited,1,1,11,574,,MISSING,Live,False,1,"2023-03-13 14:11:10",P.RAD,PLANTED,1.4,,,,,,,,,
Jelldale_Limited,1,1,12,475,,MISSING,Live,False,1,"2023-03-13 14:11:46",P.RAD,PLANTED,1.4,,,,,,,,,
Jelldale_Limited,1,1,13,528,,MISSING,Live,False,1,"2023-03-13 14:12:11",P.RAD,PLANTED,1.4,,,,,,,,,
Jelldale_Limited,1,1,14,436,,MISSING,Live,False,1,"2023-03-13 14:15:07",P.RAD,PLANTED,1.4,,,,,,,,,
Jelldale_Limited,1,1,15,519,26.3,NORMAL,Live,False,1,"2023-03-13 14:16:18",P.RAD,PLANTED,1.4,,,,,,,,,
Jelldale_Limited,1,1,16,413,,MISSING,Live,False,1,"2023-03-13 14:18:11",P.RAD,PLANTED,1.4,,,,,,,,,
Jelldale_Limited,1,1,17,406,30.3,NORMAL,Live,False,1,"2023-03-13 14:18:56",P.RAD,PLANTED,1.4,,,,,,,,,
Jelldale_Limited,1,1,18,442,,MISSING,Live,False,1,"2023-03-13 14:19:34",P.RAD,PLANTED,1.4,,,,,,,,,
Jelldale_Limited,1,1,19,588,30.6,NORMAL,Live,False,1,"2023-03-13 14:20:29",P.RAD,PLANTED,1.4,,,,,,,,,
Jelldale_Limited,1,1,20,529,,MISSING,Live,False,1,"2023-03-13 14:21:25",P.RAD,PLANTED,1.4,,,,,,,,,
Jelldale_Limited,1,1,21,535,28.8,NORMAL,Live,False,1,"2023-03-13 14:22:07",P.RAD,PLANTED,1.4,,,,,,,,,
Jelldale_Limited,1,1,22,495,,MISSING,Live,False,1,"2023-03-13 14:25:23",P.RAD,PLANTED,1.4,,,,,,,,,
Jelldale_Limited,2,2,1,508,38,NORMAL,Live,False,1,"2023-03-13 15:41:57",P.RAD,PLANTED,1.4,,,,,,,,,
Jelldale_Limited,2,2,2,655,,MISSING,Live,False,1,"2023-03-13 15:42:17",P.RAD,PLANTED,1.4,,,,,,,,,
Jelldale_Limited,2,2,3,399,,MISSING,Live,False,1,"2023-03-13 15:42:44",P.RAD,PLANTED,1.4,,,,,,,,,
Jelldale_Limited,2,2,4,564,,MISSING,Live,False,1,"2023-03-13 15:43:17",P.RAD,PLANTED,1.4,,,,,,,,,
Jelldale_Limited,2,2,5,570,,MISSING,Live,False,1,"2023-03-13 15:43:47",P.RAD,PLANTED,1.4,,,,,,,,,
Jelldale_Limited,2,2,6,449,33.7,NORMAL,Live,False,1,"2023-03-13 15:44:13",P.RAD,PLANTED,1.4,,,,,,,,,
Jelldale_Limited,2,2,7,600,40.4,NORMAL,Live,False,1,"2023-03-13 15:45:03",P.RAD,PLANTED,1.4,,,,,,,,,
Jelldale_Limited,2,2,8,516,,MISSING,Live,False,1,"2023-03-13 15:46:20",P.RAD,PLANTED,1.4,,,,,,,,,
Jelldale_Limited,2,2,9,481,,MISSING,Live,False,1,"2023-03-13 15:46:52",P.RAD,PLANTED,1.4,,,,,,,,,
Jelldale_Limited,2,2,10,554,,MISSING,Live,False,1,"2023-03-13 15:47:34",P.RAD,PLANTED,1.4,,,,,,,,,
Jelldale_Limited,2,2,11,520,,MISSING,Live,False,1,"2023-03-13 15:48:19",P.RAD,PLANTED,1.4,,,,,,,,,
Jelldale_Limited,2,2,12,530,,MISSING,Live,False,1,"2023-03-13 15:48:58",P.RAD,PLANTED,1.4,,,,,,,,,
Jelldale_Limited,2,2,13,448,19.1,BROKEN,Live,False,1,"2023-03-13 15:50:05",P.RAD,PLANTED,1.4,,,,,,,,,
Jelldale_Limited,2,2,14,545,37.1,NORMAL,Live,False,1,"2023-03-13 15:50:42",P.RAD,PLANTED,1.4,,,,,,,,,
Jelldale_Limited,2,2,15,540,34.7,NORMAL,Live,False,1,"2023-03-13 15:51:07",P.RAD,PLANTED,1.4,,,,,,,,,
Jelldale_Limited,2,2,16,592,38.2,NORMAL,Live,False,1,"2023-03-13 15:51:46",P.RAD,PLANTED,1.4,,,,,,,,,
Jelldale_Limited,2,2,17,500,35.7,NORMAL,Live,False,1,"2023-03-13 15:52:15",P.RAD,PLANTED,1.4,,,,,,,,,
Jelldale_Limited,2,2,18,552,36.9,NORMAL,Live,False,1,"2023-03-13 15:52:50",P.RAD,PLANTED,1.4,,,,,,,,,
Jelldale_Limited,2,2,19,367,30.9,NORMAL,Live,False,1,"2023-03-13 15:53:22",P.RAD,PLANTED,1.4,,,,,,,,,
Jelldale_Limited,2,2,20,485,,MISSING,Live,False,1,"2023-03-13 15:54:23",P.RAD,PLANTED,1.4,,,,,,,,,
Jelldale_Limited,2,2,21,572,39.8,NORMAL,Live,False,1,"2023-03-13 15:55:23",P.RAD,PLANTED,1.4,,,,,,,,,
Jelldale_Limited,2,2,22,552,,MISSING,Live,False,1,"2023-03-13 15:56:54",P.RAD,PLANTED,1.4,,,,,,,,,
Jelldale_Limited,2,2,23,293,16,BROKEN,Live,False,1,"2023-03-13 15:58:54",P.RAD,PLANTED,1.4,,,,,,,,,
Jelldale_Limited,2,2,24,529,,MISSING,Live,False,1,"2023-03-13 15:59:56",P.RAD,PLANTED,1.4,,,,,,,,,
Jelldale_Limited,2,2,25,622,,MISSING,Live,False,1,"2023-03-13 16:00:35",P.RAD,PLANTED,1.4,,,,,,,,,
Jelldale_Limited,2,2,26,531,,MISSING,Live,False,1,"2023-03-13 16:01:22",P.RAD,PLANTED,1.4,,,,,,,,,
Jelldale_Limited,2,2,27,423,,MISSING,Live,False,1,"2023-03-13 16:02:51",P.RAD,PLANTED,1.4,,,,,,,,,
Jelldale_Limited,2,2,28,599,,MISSING,Live,False,1,"2023-03-13 16:03:25",P.RAD,PLANTED,1.4,,,,,,,,,
Jelldale_Limited,3,3,1,379,34.4,NORMAL,Live,False,1,"2023-03-13 11:36:13",P.RAD,PLANTED,1.4,,,,,,,,,
Jelldale_Limited,3,3,2,394,35.4,NORMAL,Live,False,1,"2023-03-13 11:36:48",P.RAD,PLANTED,1.4,,,,,,,,,
Jelldale_Limited,3,3,3,384,32,NORMAL,Live,False,1,"2023-03-13 11:37:12",P.RAD,PLANTED,1.4,,,,,,,,,
Jelldale_Limited,3,3,4,439,36.8,NORMAL,Live,False,1,"2023-03-13 11:37:42",P.RAD,PLANTED,1.4,,,,,,,,,
Jelldale_Limited,3,3,5,405,,MISSING,Live,False,1,"2023-03-13 11:38:24",P.RAD,PLANTED,1.4,,,,,,,,,
Jelldale_Limited,3,3,6,490,37.9,NORMAL,Live,False,1,"2023-03-13 11:38:55",P.RAD,PLANTED,1.4,,,,,,,,,
Jelldale_Limited,3,3,7,380,,MISSING,Live,False,1,"2023-03-13 11:39:22",P.RAD,PLANTED,1.4,,,,,,,,,
Jelldale_Limited,3,3,8,524,39.5,NORMAL,Live,False,1,"2023-03-13 11:40:01",P.RAD,PLANTED,1.4,,,,,,,,,
Jelldale_Limited,3,3,9,415,,MISSING,Live,False,1,"2023-03-13 11:40:35",P.RAD,PLANTED,1.4,,,,,,,,,
Jelldale_Limited,3,3,10,532,,MISSING,Live,False,1,"2023-03-13 11:41:10",P.RAD,PLANTED,1.4,,,,,,,,,
Jelldale_Limited,3,3,11,425,33.3,NORMAL,Live,False,1,"2023-03-13 11:41:47",P.RAD,PLANTED,1.4,,,,,,,,,
Jelldale_Limited,3,3,12,560,,MISSING,Live,False,1,"2023-03-13 11:42:34",P.RAD,PLANTED,1.4,,,,,,,,,
Jelldale_Limited,3,3,13,544,,MISSING,Live,False,1,"2023-03-13 11:43:18",P.RAD,PLANTED,1.4,,,,,,,,,
Jelldale_Limited,3,3,14,359,16.5,BROKEN,Live,False,1,"2023-03-13 11:43:35",P.RAD,PLANTED,1.4,,,,,,,,,
Jelldale_Limited,3,3,15,511,36.3,NORMAL,Live,False,1,"2023-03-13 11:44:03",P.RAD,PLANTED,1.4,,,,,,,,,
Jelldale_Limited,3,3,16,297,26.4,NORMAL,Live,False,1,"2023-03-13 11:44:28",P.RAD,PLANTED,1.4,,,,,,,,,
Jelldale_Limited,3,3,17,473,39.7,NORMAL,Live,False,1,"2023-03-13 11:44:55",P.RAD,PLANTED,1.4,,,,,,,,,
Jelldale_Limited,3,3,18,437,,MISSING,Live,False,1,"2023-03-13 11:45:21",P.RAD,PLANTED,1.4,,,,,,,,,
Jelldale_Limited,3,3,19,462,,MISSING,Live,False,1,"2023-03-13 11:45:58",P.RAD,PLANTED,1.4,,,,,,,,,
Jelldale_Limited,3,3,20,589,,MISSING,Live,False,1,"2023-03-13 11:47:04",P.RAD,PLANTED,1.4,,,,,,,,,
Jelldale_Limited,3,3,21,375,,MISSING,Live,False,1,"2023-03-13 11:47:35",P.RAD,PLANTED,1.4,,,,,,,,,
Jelldale_Limited,3,3,22,481,,MISSING,Live,False,1,"2023-03-13 11:48:15",P.RAD,PLANTED,1.4,,,,,,,,,
Jelldale_Limited,3,3,23,429,,MISSING,Live,False,1,"2023-03-13 11:48:33",P.RAD,PLANTED,1.4,,,,,,,,,
Jelldale_Limited,3,3,24,406,,MISSING,Live,False,1,"2023-03-13 11:49:11",P.RAD,PLANTED,1.4,,,,,,,,,
Jelldale_Limited,3,3,25,561,,MISSING,Live,False,1,"2023-03-13 11:50:43",P.RAD,PLANTED,1.4,,,,,,,,,
Jelldale_Limited,3,3,26,480,,MISSING,Live,False,1,"2023-03-13 11:50:45",P.RAD,PLANTED,1.4,,,,,,,,,
Jelldale_Limited,3,3,27,404,,MISSING,Live,False,1,"2023-03-13 11:51:09",P.RAD,PLANTED,1.4,,,,,,,,,
Jelldale_Limited,3,3,28,439,,MISSING,Live,False,1,"2023-03-13 11:51:26",P.RAD,PLANTED,1.4,,,,,,,,,
Jelldale_Limited,4,4,1,545,,MISSING,Live,False,1,"2023-03-13 12:57:43",P.RAD,PLANTED,1.4,,,,,,,,,
Jelldale_Limited,4,4,2,504,33.3,NORMAL,Live,False,1,"2023-03-13 12:58:23",P.RAD,PLANTED,1.4,,,,,,,,,
Jelldale_Limited,4,4,3,488,29.4,NORMAL,Live,False,1,"2023-03-13 12:59:16",P.RAD,PLANTED,1.4,,,,,,,,,
Jelldale_Limited,4,4,4,456,29.8,NORMAL,Live,False,1,"2023-03-13 12:59:56",P.RAD,PLANTED,1.4,,,,,,,,,
Jelldale_Limited,4,4,5,458,,MISSING,Live,False,1,"2023-03-13 13:00:50",P.RAD,PLANTED,1.4,,,,,,,,,
Jelldale_Limited,4,4,6,498,31.8,NORMAL,Live,False,1,"2023-03-13 13:01:49",P.RAD,PLANTED,1.4,,,,,,,,,
Jelldale_Limited,4,4,7,567,34.3,NORMAL,Live,False,1,"2023-03-13 13:03:10",P.RAD,PLANTED,1.4,,,,,,,,,
Jelldale_Limited,4,4,8,423,,MISSING,Live,False,1,"2023-03-13 13:03:26",P.RAD,PLANTED,1.4,,,,,,,,,
Jelldale_Limited,4,4,9,444,33,NORMAL,Live,False,1,"2023-03-13 13:04:25",P.RAD,PLANTED,1.4,,,,,,,,,
Jelldale_Limited,4,4,10,380,,MISSING,Live,False,1,"2023-03-13 13:05:02",P.RAD,PLANTED,1.4,,,,,,,,,
Jelldale_Limited,4,4,11,336,25.8,NORMAL,Live,False,1,"2023-03-13 13:05:46",P.RAD,PLANTED,1.4,,,,,,,,,
Jelldale_Limited,4,4,12,362,30.8,NORMAL,Live,False,1,"2023-03-13 13:06:29",P.RAD,PLANTED,1.4,,,,,,,,,
Jelldale_Limited,4,4,13,349,15.2,BROKEN,Live,False,1,"2023-03-13 13:07:03",P.RAD,PLANTED,1.4,,,,,,,,,
Jelldale_Limited,4,4,14,441,,MISSING,Live,False,1,"2023-03-13 13:07:46",P.RAD,PLANTED,1.4,,,,,,,,,
Jelldale_Limited,4,4,15,511,35.8,NORMAL,Live,False,1,"2023-03-13 13:08:47",P.RAD,PLANTED,1.4,,,,,,,,,
Jelldale_Limited,4,4,16,468,32.9,NORMAL,Live,False,1,"2023-03-13 13:09:32",P.RAD,PLANTED,1.4,,,,,,,,,
Jelldale_Limited,4,4,17,424,16.2,BROKEN,Live,False,1,"2023-03-13 13:10:14",P.RAD,PLANTED,1.4,,,,,,,,,
Jelldale_Limited,4,4,18,419,,MISSING,Live,False,1,"2023-03-13 13:10:54",P.RAD,PLANTED,1.4,,,,,,,,,
Jelldale_Limited,4,4,19,438,,MISSING,Live,False,1,"2023-03-13 13:11:58",P.RAD,PLANTED,1.4,,,,,,,,,
Jelldale_Limited,4,4,20,389,,MISSING,Live,False,1,"2023-03-13 13:13:32",P.RAD,PLANTED,1.4,,,,,,,,,
Jelldale_Limited,4,4,21,479,,MISSING,Live,False,1,"2023-03-13 13:14:57",P.RAD,PLANTED,1.4,,,,,,,,,
Jelldale_Limited,4,4,22,379,,MISSING,Live,False,1,"2023-03-13 13:15:04",P.RAD,PLANTED,1.4,,,,,,,,,
Jelldale_Limited,4,4,23,435,,MISSING,Live,False,1,"2023-03-13 13:16:21",P.RAD,PLANTED,1.4,,,,,,,,,
Jelldale_Limited,4,4,24,546,,MISSING,Live,False,1,"2023-03-13 13:16:53",P.RAD,PLANTED,1.4,,,,,,,,,
Jelldale_Limited,4,4,25,437,,MISSING,Live,False,1,"2023-03-13 13:18:26",P.RAD,PLANTED,1.4,,,,,,,,,
Jelldale_Limited,4,4,26,388,,MISSING,Live,False,1,"2023-03-13 13:19:20",P.RAD,PLANTED,1.4,,,,,,,,,
Jelldale_Limited,4,4,27,503,,MISSING,Live,False,1,"2023-03-13 13:19:58",P.RAD,PLANTED,1.4,,,,,,,,,
Jelldale_Limited,4,4,28,371,9,BROKEN,Live,False,1,"2023-03-13 13:20:33",P.RAD,PLANTED,1.4,,,,,,,,,
Jelldale_Limited,5,5,1,470,17.4,BROKEN,Live,False,1,"2023-03-13 12:21:27",P.RAD,PLANTED,1.4,,,,,,,,,
Jelldale_Limited,5,5,2,497,29.8,NORMAL,Live,False,1,"2023-03-13 12:21:59",P.RAD,PLANTED,1.4,,,,,,,,,
Jelldale_Limited,5,5,3,497,,MISSING,Live,False,1,"2023-03-13 12:22:47",P.RAD,PLANTED,1.4,,,,,,,,,
Jelldale_Limited,5,5,4,395,,MISSING,Live,False,1,"2023-03-13 12:23:13",P.RAD,PLANTED,1.4,,,,,,,,,
Jelldale_Limited,5,5,5,484,31.4,NORMAL,Live,False,1,"2023-03-13 12:24:06",P.RAD,PLANTED,1.4,,,,,,,,,
Jelldale_Limited,5,5,6,551,,MISSING,Live,False,1,"2023-03-13 12:24:42",P.RAD,PLANTED,1.4,,,,,,,,,
Jelldale_Limited,5,5,7,456,31.8,NORMAL,Live,False,1,"2023-03-13 12:25:22",P.RAD,PLANTED,1.4,,,,,,,,,
Jelldale_Limited,5,5,8,470,30.8,NORMAL,Live,False,1,"2023-03-13 12:26:24",P.RAD,PLANTED,1.4,,,,,,,,,
Jelldale_Limited,5,5,9,450,29.3,NORMAL,Live,False,1,"2023-03-13 12:27:04",P.RAD,PLANTED,1.4,,,,,,,,,
Jelldale_Limited,5,5,10,502,32.3,NORMAL,Live,False,1,"2023-03-13 12:27:29",P.RAD,PLANTED,1.4,,,,,,,,,
Jelldale_Limited,5,5,11,520,32.8,NORMAL,Live,False,1,"2023-03-13 12:28:25",P.RAD,PLANTED,1.4,,,,,,,,,
Jelldale_Limited,5,5,12,511,,MISSING,Live,False,1,"2023-03-13 12:28:58",P.RAD,PLANTED,1.4,,,,,,,,,
Jelldale_Limited,5,5,13,382,,MISSING,Live,False,1,"2023-03-13 12:29:29",P.RAD,PLANTED,1.4,,,,,,,,,
Jelldale_Limited,5,5,14,484,,MISSING,Live,False,1,"2023-03-13 12:30:36",P.RAD,PLANTED,1.4,,,,,,,,,
Jelldale_Limited,5,5,15,474,,MISSING,Live,False,1,"2023-03-13 12:31:24",P.RAD,PLANTED,1.4,,,,,,,,,
Jelldale_Limited,5,5,16,492,34.6,NORMAL,Live,False,1,"2023-03-13 12:32:04",P.RAD,PLANTED,1.4,,,,,,,,,
Jelldale_Limited,5,5,17,495,,MISSING,Live,False,1,"2023-03-13 12:32:43",P.RAD,PLANTED,1.4,,,,,,,,,
Jelldale_Limited,5,5,18,483,30.9,NORMAL,Live,False,1,"2023-03-13 12:33:13",P.RAD,PLANTED,1.4,,,,,,,,,
Jelldale_Limited,5,5,19,440,,MISSING,Live,False,1,"2023-03-13 12:33:42",P.RAD,PLANTED,1.4,,,,,,,,,
Jelldale_Limited,5,5,20,525,31.8,NORMAL,Live,False,1,"2023-03-13 12:34:58",P.RAD,PLANTED,1.4,,,,,,,,,
Jelldale_Limited,5,5,21,544,,MISSING,Live,False,1,"2023-03-13 12:35:40",P.RAD,PLANTED,1.4,,,,,,,,,
Jelldale_Limited,5,5,22,418,15.9,BROKEN,Live,False,1,"2023-03-13 12:37:58",P.RAD,PLANTED,1.4,,,,,,,,,
Jelldale_Limited,5,5,23,490,,MISSING,Live,False,1,"2023-03-13 12:36:37",P.RAD,PLANTED,1.4,,,,,,,,,
Jelldale_Limited,5,5,24,496,,MISSING,Live,False,1,"2023-03-13 12:37:22",P.RAD,PLANTED,1.4,,,,,,,,,
Jelldale_Limited,6,6,1,616,38.5,NORMAL,Live,False,1,"2023-03-14 15:58:13",P.RAD,PLANTED,1.4,,,,,,,,,
Jelldale_Limited,6,6,2,449,39.6,NORMAL,Live,False,1,"2023-03-14 15:58:53",P.RAD,PLANTED,1.4,,,,,,,,,
Jelldale_Limited,6,6,3,440,,MISSING,Live,False,1,"2023-03-14 15:59:31",P.RAD,PLANTED,1.4,,,,,,,,,
Jelldale_Limited,6,6,4,513,35.4,NORMAL,Live,False,1,"2023-03-14 16:00:10",P.RAD,PLANTED,1.4,,,,,,,,,
Jelldale_Limited,6,6,5,620,39.2,NORMAL,Live,False,1,"2023-03-14 16:00:56",P.RAD,PLANTED,1.4,,,,,,,,,
Jelldale_Limited,6,6,6,552,37,NORMAL,Live,False,1,"2023-03-14 16:01:29",P.RAD,PLANTED,1.4,,,,,,,,,
Jelldale_Limited,6,6,7,484,33.8,NORMAL,Live,False,1,"2023-03-14 16:02:00",P.RAD,PLANTED,1.4,,,,,,,,,
Jelldale_Limited,6,6,8,390,,MISSING,Live,False,1,"2023-03-14 16:02:28",P.RAD,PLANTED,1.4,,,,,,,,,
Jelldale_Limited,6,6,9,610,40.9,NORMAL,Live,False,1,"2023-03-14 16:03:06",P.RAD,PLANTED,1.4,,,,,,,,,
Jelldale_Limited,6,6,10,474,39.8,NORMAL,Live,False,1,"2023-03-14 16:03:41",P.RAD,PLANTED,1.4,,,,,,,,,
Jelldale_Limited,6,6,11,454,35.4,NORMAL,Live,False,1,"2023-03-14 16:04:09",P.RAD,PLANTED,1.4,,,,,,,,,
Jelldale_Limited,6,6,12,429,,MISSING,Live,False,1,"2023-03-14 16:04:36",P.RAD,PLANTED,1.4,,,,,,,,,
Jelldale_Limited,6,6,13,530,36.8,NORMAL,Live,False,1,"2023-03-14 16:04:59",P.RAD,PLANTED,1.4,,,,,,,,,
Jelldale_Limited,6,6,14,630,,MISSING,Live,False,1,"2023-03-14 16:05:52",P.RAD,PLANTED,1.4,,,,,,,,,
Jelldale_Limited,6,6,15,629,,MISSING,Live,False,1,"2023-03-14 16:06:21",P.RAD,PLANTED,1.4,,,,,,,,,
Jelldale_Limited,6,6,16,545,,MISSING,Live,False,1,"2023-03-14 16:07:45",P.RAD,PLANTED,1.4,,,,,,,,,
Jelldale_Limited,6,6,17,481,,MISSING,Live,False,1,"2023-03-14 16:08:31",P.RAD,PLANTED,1.4,,,,,,,,,
Jelldale_Limited,6,6,18,398,,MISSING,Dead,False,1,"2023-03-14 16:11:36",P.RAD,PLANTED,1.4,,,,,,,,,
Jelldale_Limited,6,6,19,610,,MISSING,Live,False,1,"2023-03-14 16:11:31",P.RAD,PLANTED,1.4,,,,,,,,,
Jelldale_Limited,6,6,20,272,,MISSING,Live,False,1,"2023-03-14 16:10:41",P.RAD,PLANTED,1.4,,,,,,,,,
Jelldale_Limited,6,6,21,479,,MISSING,Live,False,1,"2023-03-14 16:12:15",P.RAD,PLANTED,1.4,,,,,,,,,
Jelldale_Limited,6,6,22,415,,MISSING,Live,False,1,"2023-03-14 16:13:27",P.RAD,PLANTED,1.4,,,,,,,,,
Jelldale_Limited,6,6,23,527,,MISSING,Live,False,1,"2023-03-14 16:16:38",P.RAD,PLANTED,1.4,,,,,,,,,
Jelldale_Limited,6,6,24,660,,MISSING,Live,False,1,"2023-03-14 16:18:49",P.RAD,PLANTED,1.4,,,,,,,,,
Jelldale_Limited,6,6,25,398,,MISSING,Live,False,1,"2023-03-14 16:18:34",P.RAD,PLANTED,1.4,,,,,,,,,
Jelldale_Limited,7,7,1,615,,MISSING,Live,False,1,"2023-03-14 16:34:13",P.RAD,PLANTED,1.4,,,,,,,,,
Jelldale_Limited,7,7,2,492,35.4,NORMAL,Live,False,1,"2023-03-14 16:34:39",P.RAD,PLANTED,1.4,,,,,,,,,
Jelldale_Limited,7,7,3,483,35.9,NORMAL,Live,False,1,"2023-03-14 16:35:09",P.RAD,PLANTED,1.4,,,,,,,,,
Jelldale_Limited,7,7,4,395,,MISSING,Live,False,1,"2023-03-14 16:36:03",P.RAD,PLANTED,1.4,,,,,,,,,
Jelldale_Limited,7,7,5,392,,MISSING,Live,False,1,"2023-03-14 16:36:39",P.RAD,PLANTED,1.4,,,,,,,,,
Jelldale_Limited,7,7,6,572,19,BROKEN,Live,False,1,"2023-03-14 16:37:13",P.RAD,PLANTED,1.4,,,,,,,,,
Jelldale_Limited,7,7,7,596,,MISSING,Live,False,1,"2023-03-14 16:38:06",P.RAD,PLANTED,1.4,,,,,,,,,
Jelldale_Limited,7,7,8,443,21.2,BROKEN,Live,False,1,"2023-03-14 16:38:22",P.RAD,PLANTED,1.4,,,,,,,,,
Jelldale_Limited,7,7,9,512,31.4,NORMAL,Live,False,1,"2023-03-14 16:38:50",P.RAD,PLANTED,1.4,,,,,,,,,
Jelldale_Limited,7,7,10,522,32.3,NORMAL,Live,False,1,"2023-03-14 16:39:23",P.RAD,PLANTED,1.4,,,,,,,,,
Jelldale_Limited,7,7,11,603,36,NORMAL,Live,False,1,"2023-03-14 16:40:00",P.RAD,PLANTED,1.4,,,,,,,,,
Jelldale_Limited,7,7,12,485,,MISSING,Live,False,1,"2023-03-14 16:40:31",P.RAD,PLANTED,1.4,,,,,,,,,
Jelldale_Limited,7,7,13,517,,MISSING,Live,False,1,"2023-03-14 16:40:59",P.RAD,PLANTED,1.4,,,,,,,,,
Jelldale_Limited,7,7,14,386,35.4,NORMAL,Live,False,1,"2023-03-14 16:41:28",P.RAD,PLANTED,1.4,,,,,,,,,
Jelldale_Limited,7,7,15,505,37.6,NORMAL,Live,False,1,"2023-03-14 16:41:55",P.RAD,PLANTED,1.4,,,,,,,,,
Jelldale_Limited,7,7,16,500,38.5,NORMAL,Live,False,1,"2023-03-14 16:42:22",P.RAD,PLANTED,1.4,,,,,,,,,
Jelldale_Limited,7,7,17,603,42.3,NORMAL,Live,False,1,"2023-03-14 16:42:55",P.RAD,PLANTED,1.4,,,,,,,,,
Jelldale_Limited,7,7,18,617,37.8,NORMAL,Live,False,1,"2023-03-14 16:43:58",P.RAD,PLANTED,1.4,,,,,,,,,
Jelldale_Limited,7,7,19,488,,MISSING,Live,False,1,"2023-03-14 16:44:29",P.RAD,PLANTED,1.4,,,,,,,,,
Jelldale_Limited,7,7,20,495,,MISSING,Live,False,1,"2023-03-14 16:45:06",P.RAD,PLANTED,1.4,,,,,,,,,
Jelldale_Limited,7,7,21,475,,MISSING,Live,False,1,"2023-03-14 16:45:38",P.RAD,PLANTED,1.4,,,,,,,,,
Jelldale_Limited,7,7,22,537,,MISSING,Live,False,1,"2023-03-14 16:45:42",P.RAD,PLANTED,1.4,,,,,,,,,
Jelldale_Limited,8,8,1,479,33.9,NORMAL,Live,False,1,"2023-03-14 16:58:29",P.RAD,PLANTED,1.4,,,,,,,,,
Jelldale_Limited,8,8,2,502,34.5,NORMAL,Live,False,1,"2023-03-14 16:58:54",P.RAD,PLANTED,1.4,,,,,,,,,
Jelldale_Limited,8,8,3,298,24.4,NORMAL,Live,False,1,"2023-03-14 16:59:13",P.RAD,PLANTED,1.4,,,,,,,,,
Jelldale_Limited,8,8,4,526,35.9,NORMAL,Live,False,1,"2023-03-14 16:59:35",P.RAD,PLANTED,1.4,,,,,,,,,
Jelldale_Limited,8,8,5,533,36.8,NORMAL,Live,False,1,"2023-03-14 17:00:06",P.RAD,PLANTED,1.4,,,,,,,,,
Jelldale_Limited,8,8,6,350,,MISSING,Live,False,1,"2023-03-14 17:00:29",P.RAD,PLANTED,1.4,,,,,,,,,
Jelldale_Limited,8,8,7,511,34.8,NORMAL,Live,False,1,"2023-03-14 17:00:55",P.RAD,PLANTED,1.4,,,,,,,,,
Jelldale_Limited,8,8,8,474,,MISSING,Live,False,1,"2023-03-14 17:01:26",P.RAD,PLANTED,1.4,,,,,,,,,
Jelldale_Limited,8,8,9,483,34.1,NORMAL,Live,False,1,"2023-03-14 17:01:57",P.RAD,PLANTED,1.4,,,,,,,,,
Jelldale_Limited,8,8,10,316,25.3,NORMAL,Live,False,1,"2023-03-14 17:02:15",P.RAD,PLANTED,1.4,,,,,,,,,
Jelldale_Limited,8,8,11,430,29.2,NORMAL,Live,False,1,"2023-03-14 17:02:41",P.RAD,PLANTED,1.4,,,,,,,,,
Jelldale_Limited,8,8,12,487,,MISSING,Live,False,1,"2023-03-14 17:03:06",P.RAD,PLANTED,1.4,,,,,,,,,
Jelldale_Limited,8,8,13,318,26.5,NORMAL,Live,False,1,"2023-03-14 17:03:33",P.RAD,PLANTED,1.4,,,,,,,,,
Jelldale_Limited,8,8,14,590,,MISSING,Live,False,1,"2023-03-14 17:04:00",P.RAD,PLANTED,1.4,,,,,,,,,
Jelldale_Limited,8,8,15,405,,MISSING,Live,False,1,"2023-03-14 17:04:02",P.RAD,PLANTED,1.4,,,,,,,,,
Jelldale_Limited,8,8,16,460,,MISSING,Live,False,1,"2023-03-14 17:04:22",P.RAD,PLANTED,1.4,,,,,,,,,
Jelldale_Limited,8,8,17,492,,MISSING,Live,False,1,"2023-03-14 17:04:24",P.RAD,PLANTED,1.4,,,,,,,,,
Jelldale_Limited,8,8,18,420,,MISSING,Live,False,1,"2023-03-14 17:04:47",P.RAD,PLANTED,1.4,,,,,,,,,
Jelldale_Limited,8,8,19,426,,MISSING,Live,False,1,"2023-03-14 17:04:49",P.RAD,PLANTED,1.4,,,,,,,,,
Jelldale_Limited,8,8,20,415,,MISSING,Live,False,1,"2023-03-14 17:05:20",P.RAD,PLANTED,1.4,,,,,,,,,
Jelldale_Limited,8,8,21,415,,MISSING,Live,False,1,"2023-03-14 17:05:33",P.RAD,PLANTED,1.4,,,,,,,,,
Jelldale_Limited,8,8,22,429,,MISSING,Live,False,1,"2023-03-14 17:05:58",P.RAD,PLANTED,1.4,,,,,,,,,
Jelldale_Limited,8,8,23,473,,MISSING,Live,False,1,"2023-03-14 17:07:14",P.RAD,PLANTED,1.4,,,,,,,,,
Jelldale_Limited,8,8,24,365,,MISSING,Live,False,1,"2023-03-14 17:07:27",P.RAD,PLANTED,1.4,,,,,,,,,
Jelldale_Limited,8,8,25,555,,MISSING,Live,False,1,"2023-03-14 17:07:57",P.RAD,PLANTED,1.4,,,,,,,,,
Jelldale_Limited,9,9,1,403,,MISSING,Live,False,1,"2023-03-14 14:57:01",P.RAD,PLANTED,1.4,,,,,,,,,
Jelldale_Limited,9,9,2,533,33.7,NORMAL,Live,False,1,"2023-03-14 14:57:27",P.RAD,PLANTED,1.4,,,,,,,,,
Jelldale_Limited,9,9,3,344,31.2,NORMAL,Live,False,1,"2023-03-14 14:58:06",P.RAD,PLANTED,1.4,,,,,,,,,
Jelldale_Limited,9,9,4,338,33.2,NORMAL,Live,False,1,"2023-03-14 14:59:51",P.RAD,PLANTED,1.4,,,,,,,,,
Jelldale_Limited,9,9,5,379,,MISSING,Live,False,1,"2023-03-14 15:00:49",P.RAD,PLANTED,1.4,,,,,,,,,
Jelldale_Limited,9,9,6,309,8.9,BROKEN,Live,False,1,"2023-03-14 15:01:44",P.RAD,PLANTED,1.4,,,,,,,,,
Jelldale_Limited,9,9,7,361,,MISSING,Live,False,1,"2023-03-14 15:02:26",P.RAD,PLANTED,1.4,,,,,,,,,
Jelldale_Limited,9,9,8,436,,MISSING,Live,False,1,"2023-03-14 15:03:34",P.RAD,PLANTED,1.4,,,,,,,,,
Jelldale_Limited,9,9,9,459,,MISSING,Live,False,1,"2023-03-14 15:03:49",P.RAD,PLANTED,1.4,,,,,,,,,
Jelldale_Limited,9,9,10,309,,MISSING,Live,False,1,"2023-03-14 15:04:45",P.RAD,PLANTED,1.4,,,,,,,,,
Jelldale_Limited,9,9,11,379,31.4,NORMAL,Live,False,1,"2023-03-14 15:05:15",P.RAD,PLANTED,1.4,,,,,,,,,
Jelldale_Limited,9,9,12,391,33.1,NORMAL,Live,False,1,"2023-03-14 15:05:56",P.RAD,PLANTED,1.4,,,,,,,,,
Jelldale_Limited,9,9,13,425,31.8,NORMAL,Live,False,1,"2023-03-14 15:06:55",P.RAD,PLANTED,1.4,,,,,,,,,
Jelldale_Limited,9,9,14,435,29.3,NORMAL,Live,False,1,"2023-03-14 15:07:21",P.RAD,PLANTED,1.4,,,,,,,,,
Jelldale_Limited,9,9,15,362,27.4,NORMAL,Live,False,1,"2023-03-14 15:08:21",P.RAD,PLANTED,1.4,,,,,,,,,
Jelldale_Limited,9,9,16,341,24,NORMAL,Live,False,1,"2023-03-14 15:09:15",P.RAD,PLANTED,1.4,,,,,,,,,
Jelldale_Limited,9,9,17,390,22.8,NORMAL,Live,False,1,"2023-03-14 15:10:10",P.RAD,PLANTED,1.4,,,,,,,,,
Jelldale_Limited,9,9,18,375,,MISSING,Live,False,1,"2023-03-14 15:10:59",P.RAD,PLANTED,1.4,,,,,,,,,
Jelldale_Limited,9,9,19,446,,MISSING,Live,False,1,"2023-03-14 15:12:24",P.RAD,PLANTED,1.4,,,,,,,,,
Jelldale_Limited,9,9,20,479,,MISSING,Live,False,1,"2023-03-14 15:13:25",P.RAD,PLANTED,1.4,,,,,,,,,
Jelldale_Limited,9,9,21,370,,MISSING,Live,False,1,"2023-03-14 15:13:55",P.RAD,PLANTED,1.4,,,,,,,,,
Jelldale_Limited,10,10,1,483,32.9,NORMAL,Live,False,1,"2023-03-14 15:26:32",P.RAD,PLANTED,1.4,,,,,,,,,
Jelldale_Limited,10,10,2,364,11.1,BROKEN,Live,False,1,"2023-03-14 15:27:21",P.RAD,PLANTED,1.4,,,,,,,,,
Jelldale_Limited,10,10,3,475,32.2,NORMAL,Live,False,1,"2023-03-14 15:27:51",P.RAD,PLANTED,1.4,,,,,,,,,
Jelldale_Limited,10,10,4,507,32,NORMAL,Live,False,1,"2023-03-14 15:28:36",P.RAD,PLANTED,1.4,,,,,,,,,
Jelldale_Limited,10,10,5,495,34,NORMAL,Live,False,1,"2023-03-14 15:29:21",P.RAD,PLANTED,1.4,,,,,,,,,
Jelldale_Limited,10,10,6,394,31.4,NORMAL,Live,False,1,"2023-03-14 15:29:53",P.RAD,PLANTED,1.4,,,,,,,,,
Jelldale_Limited,10,10,7,416,33.4,NORMAL,Live,False,1,"2023-03-14 15:30:42",P.RAD,PLANTED,1.4,,,,,,,,,
Jelldale_Limited,10,10,8,474,33.7,NORMAL,Live,False,1,"2023-03-14 15:31:40",P.RAD,PLANTED,1.4,,,,,,,,,
Jelldale_Limited,10,10,9,408,,MISSING,Live,False,1,"2023-03-14 15:32:14",P.RAD,PLANTED,1.4,,,,,,,,,
Jelldale_Limited,10,10,10,537,33.2,NORMAL,Live,False,1,"2023-03-14 15:32:46",P.RAD,PLANTED,1.4,,,,,,,,,
Jelldale_Limited,10,10,11,688,34.8,NORMAL,Live,False,1,"2023-03-14 15:33:47",P.RAD,PLANTED,1.4,,,,,,,,,
Jelldale_Limited,10,10,12,503,32.3,NORMAL,Live,False,1,"2023-03-14 15:34:31",P.RAD,PLANTED,1.4,,,,,,,,,
Jelldale_Limited,10,10,13,329,,MISSING,Live,False,1,"2023-03-14 15:35:06",P.RAD,PLANTED,1.4,,,,,,,,,
Jelldale_Limited,10,10,14,455,,MISSING,Live,False,1,"2023-03-14 15:35:35",P.RAD,PLANTED,1.4,,,,,,,,,
Jelldale_Limited,10,10,15,375,,MISSING,Live,False,1,"2023-03-14 15:36:56",P.RAD,PLANTED,1.4,,,,,,,,,
Jelldale_Limited,10,10,16,464,,MISSING,Live,False,1,"2023-03-14 15:38:41",P.RAD,PLANTED,1.4,,,,,,,,,
Jelldale_Limited,10,10,17,406,,MISSING,Live,False,1,"2023-03-14 15:39:30",P.RAD,PLANTED,1.4,,,,,,,,,
Jelldale_Limited,10,10,18,518,,MISSING,Live,False,1,"2023-03-14 15:40:44",P.RAD,PLANTED,1.4,,,,,,,,,
Jelldale_Limited,10,10,19,427,,MISSING,Live,False,1,"2023-03-14 15:40:49",P.RAD,PLANTED,1.4,,,,,,,,,
Jelldale_Limited,10,10,20,479,,MISSING,Live,False,1,"2023-03-14 15:42:02",P.RAD,PLANTED,1.4,,,,,,,,,
Jelldale_Limited,10,10,21,461,,MISSING,Live,False,1,"2023-03-14 15:42:41",P.RAD,PLANTED,1.4,,,,,,,,,
Jelldale_Limited,11,11,1,383,26.3,NORMAL,Live,False,1,"2023-03-14 17:31:52",P.RAD,PLANTED,1.4,,,,,,,,,
Jelldale_Limited,11,11,2,402,29.3,NORMAL,Live,False,1,"2023-03-14 17:32:17",P.RAD,PLANTED,1.4,,,,,,,,,
Jelldale_Limited,11,11,3,362,,MISSING,Live,False,1,"2023-03-14 17:32:39",P.RAD,PLANTED,1.4,,,,,,,,,
Jelldale_Limited,11,11,4,383,28.2,NORMAL,Live,False,1,"2023-03-14 17:33:06",P.RAD,PLANTED,1.4,,,,,,,,,
Jelldale_Limited,11,11,5,417,,MISSING,Live,False,1,"2023-03-14 17:33:33",P.RAD,PLANTED,1.4,,,,,,,,,
Jelldale_Limited,11,11,6,398,,MISSING,Live,False,1,"2023-03-14 17:33:56",P.RAD,PLANTED,1.4,,,,,,,,,
Jelldale_Limited,11,11,7,432,,MISSING,Live,False,1,"2023-03-14 17:34:18",P.RAD,PLANTED,1.4,,,,,,,,,
Jelldale_Limited,11,11,8,492,32.6,NORMAL,Live,False,1,"2023-03-14 17:34:50",P.RAD,PLANTED,1.4,,,,,,,,,
Jelldale_Limited,11,11,9,465,,MISSING,Live,False,1,"2023-03-14 17:35:23",P.RAD,PLANTED,1.4,,,,,,,,,
Jelldale_Limited,11,11,10,492,33,NORMAL,Live,False,1,"2023-03-14 17:35:55",P.RAD,PLANTED,1.4,,,,,,,,,
Jelldale_Limited,11,11,11,403,,MISSING,Live,False,1,"2023-03-14 17:36:53",P.RAD,PLANTED,1.4,,,,,,,,,
Jelldale_Limited,11,11,12,467,14.6,BROKEN,Live,False,1,"2023-03-14 17:37:37",P.RAD,PLANTED,1.4,,,,,,,,,
Jelldale_Limited,11,11,13,475,29.8,NORMAL,Live,False,1,"2023-03-14 17:38:09",P.RAD,PLANTED,1.4,,,,,,,,,
Jelldale_Limited,11,11,14,437,31.2,NORMAL,Live,False,1,"2023-03-14 17:38:55",P.RAD,PLANTED,1.4,,,,,,,,,
Jelldale_Limited,11,11,15,444,32.2,NORMAL,Live,False,1,"2023-03-14 17:39:33",P.RAD,PLANTED,1.4,,,,,,,,,
Jelldale_Limited,11,11,16,472,33,NORMAL,Live,False,1,"2023-03-14 17:40:14",P.RAD,PLANTED,1.4,,,,,,,,,
Jelldale_Limited,11,11,17,453,33.2,NORMAL,Live,False,1,"2023-03-14 17:40:39",P.RAD,PLANTED,1.4,,,,,,,,,
Jelldale_Limited,11,11,18,496,,MISSING,Live,False,1,"2023-03-14 17:41:15",P.RAD,PLANTED,1.4,,,,,,,,,
Jelldale_Limited,11,11,19,488,,MISSING,Live,False,1,"2023-03-14 17:41:35",P.RAD,PLANTED,1.4,,,,,,,,,
Jelldale_Limited,11,11,20,454,,MISSING,Live,False,1,"2023-03-14 17:41:58",P.RAD,PLANTED,1.4,,,,,,,,,
Jelldale_Limited,11,11,21,428,,MISSING,Live,False,1,"2023-03-14 17:42:17",P.RAD,PLANTED,1.4,,,,,,,,,
Jelldale_Limited,11,11,22,486,,MISSING,Live,False,1,"2023-03-14 17:42:48",P.RAD,PLANTED,1.4,,,,,,,,,
Jelldale_Limited,11,11,23,412,,MISSING,Live,False,1,"2023-03-14 17:43:12",P.RAD,PLANTED,1.4,,,,,,,,,
Jelldale_Limited,11,11,24,518,,MISSING,Live,False,1,"2023-03-14 17:43:38",P.RAD,PLANTED,1.4,,,,,,,,,
Jelldale_Limited,11,11,25,553,,MISSING,Live,False,1,"2023-03-14 17:44:02",P.RAD,PLANTED,1.4,,,,,,,,,
Jelldale_Limited,11,11,26,373,,MISSING,Live,False,1,"2023-03-14 17:44:24",P.RAD,PLANTED,1.4,,,,,,,,,
Jelldale_Limited,11,11,27,445,,MISSING,Live,False,1,"2023-03-14 17:44:46",P.RAD,PLANTED,1.4,,,,,,,,,
Jelldale_Limited,11,11,28,453,,MISSING,Live,False,1,"2023-03-14 17:45:13",P.RAD,PLANTED,1.4,,,,,,,,,
Jelldale_Limited,11,11,29,406,,MISSING,Live,False,1,"2023-03-14 17:45:48",P.RAD,PLANTED,1.4,,,,,,,,,
Jelldale_Limited,12,12,1,565,38.3,NORMAL,Live,False,1,"2023-03-13 17:48:33",P.RAD,PLANTED,1.4,,,,,,,,,
Jelldale_Limited,12,12,2,536,,MISSING,Live,False,1,"2023-03-13 17:49:14",P.RAD,PLANTED,1.4,,,,,,,,,
Jelldale_Limited,12,12,3,353,,MISSING,Live,False,1,"2023-03-13 17:49:36",P.RAD,PLANTED,1.4,,,,,,,,,
Jelldale_Limited,12,12,4,558,39.7,NORMAL,Live,False,1,"2023-03-13 17:50:13",P.RAD,PLANTED,1.4,,,,,,,,,
Jelldale_Limited,12,12,5,364,,MISSING,Live,False,1,"2023-03-13 17:50:47",P.RAD,PLANTED,1.4,,,,,,,,,
Jelldale_Limited,12,12,6,472,36.1,NORMAL,Live,False,1,"2023-03-13 17:51:26",P.RAD,PLANTED,1.4,,,,,,,,,
Jelldale_Limited,12,12,7,433,34,NORMAL,Live,False,1,"2023-03-13 17:51:45",P.RAD,PLANTED,1.4,,,,,,,,,
Jelldale_Limited,12,12,8,367,37.7,NORMAL,Live,False,1,"2023-03-13 17:52:10",P.RAD,PLANTED,1.4,,,,,,,,,
Jelldale_Limited,12,12,9,581,,MISSING,Live,False,1,"2023-03-13 17:52:45",P.RAD,PLANTED,1.4,,,,,,,,,
Jelldale_Limited,12,12,10,444,36.2,NORMAL,Live,False,1,"2023-03-13 17:53:35",P.RAD,PLANTED,1.4,,,,,,,,,
Jelldale_Limited,12,12,11,418,,MISSING,Live,False,1,"2023-03-13 17:54:05",P.RAD,PLANTED,1.4,,,,,,,,,
Jelldale_Limited,12,12,12,482,34.9,NORMAL,Live,False,1,"2023-03-13 17:54:37",P.RAD,PLANTED,1.4,,,,,,,,,
Jelldale_Limited,12,12,13,349,,MISSING,Live,False,1,"2023-03-13 17:55:01",P.RAD,PLANTED,1.4,,,,,,,,,
Jelldale_Limited,12,12,14,450,33.8,NORMAL,Live,False,1,"2023-03-13 17:55:22",P.RAD,PLANTED,1.4,,,,,,,,,
Jelldale_Limited,12,12,15,496,34.2,NORMAL,Live,False,1,"2023-03-13 17:55:47",P.RAD,PLANTED,1.4,,,,,,,,,
Jelldale_Limited,12,12,16,503,,MISSING,Live,False,1,"2023-03-13 17:56:24",P.RAD,PLANTED,1.4,,,,,,,,,
Jelldale_Limited,12,12,17,471,,MISSING,Live,False,1,"2023-03-13 17:56:49",P.RAD,PLANTED,1.4,,,,,,,,,
Jelldale_Limited,12,12,18,538,36.2,NORMAL,Live,False,1,"2023-03-13 17:57:38",P.RAD,PLANTED,1.4,,,,,,,,,
Jelldale_Limited,12,12,19,500,,MISSING,Live,False,1,"2023-03-13 17:58:06",P.RAD,PLANTED,1.4,,,,,,,,,
Jelldale_Limited,12,12,20,655,,MISSING,Live,False,1,"2023-03-13 17:58:48",P.RAD,PLANTED,1.4,,,,,,,,,
Jelldale_Limited,12,12,21,462,,MISSING,Live,False,1,"2023-03-13 17:59:56",P.RAD,PLANTED,1.4,,,,,,,,,
Jelldale_Limited,12,12,22,470,,MISSING,Live,False,1,"2023-03-13 17:59:51",P.RAD,PLANTED,1.4,,,,,,,,,
Jelldale_Limited,12,12,23,385,,MISSING,Dead,False,1,"2023-03-13 18:00:18",P.RAD,PLANTED,1.4,,,,,,,,,
Jelldale_Limited,12,12,24,390,,MISSING,Live,False,1,"2023-03-13 18:00:29",P.RAD,PLANTED,1.4,,,,,,,,,
Jelldale_Limited,12,12,25,442,,MISSING,Live,False,1,"2023-03-13 18:01:39",P.RAD,PLANTED,1.4,,,,,,,,,
Jelldale_Limited,12,12,26,455,,MISSING,Live,False,1,"2023-03-13 18:01:41",P.RAD,PLANTED,1.4,,,,,,,,,
Jelldale_Limited,13,13,1,715,30.4,NORMAL,Live,False,1,"2023-03-14 18:02:36",P.RAD,PLANTED,1.4,,,,,,,,,
Jelldale_Limited,13,13,2,480,25.2,NORMAL,Live,False,1,"2023-03-14 18:03:07",P.RAD,PLANTED,1.4,,,,,,,,,
Jelldale_Limited,13,13,3,492,28,NORMAL,Live,False,1,"2023-03-14 18:03:32",P.RAD,PLANTED,1.4,,,,,,,,,
Jelldale_Limited,13,13,4,408,,MISSING,Live,False,1,"2023-03-14 18:03:55",P.RAD,PLANTED,1.4,,,,,,,,,
Jelldale_Limited,13,13,5,715,,MISSING,Live,False,1,"2023-03-14 18:04:38",P.RAD,PLANTED,1.4,,,,,,,,,
Jelldale_Limited,13,13,6,610,30.5,NORMAL,Live,False,1,"2023-03-14 18:05:45",P.RAD,PLANTED,1.4,,,,,,,,,
Jelldale_Limited,13,13,7,492,,MISSING,Live,False,1,"2023-03-14 18:06:56",P.RAD,PLANTED,1.4,,,,,,,,,
Jelldale_Limited,13,13,8,519,,MISSING,Live,False,1,"2023-03-14 18:06:58",P.RAD,PLANTED,1.4,,,,,,,,,
Jelldale_Limited,13,13,9,475,29.6,NORMAL,Live,False,1,"2023-03-14 18:07:32",P.RAD,PLANTED,1.4,,,,,,,,,
Jelldale_Limited,13,13,10,428,,MISSING,Live,False,1,"2023-03-14 18:07:55",P.RAD,PLANTED,1.4,,,,,,,,,
Jelldale_Limited,13,13,11,458,,MISSING,Live,False,1,"2023-03-14 18:08:22",P.RAD,PLANTED,1.4,,,,,,,,,
Jelldale_Limited,13,13,12,441,27.8,NORMAL,Live,False,1,"2023-03-14 18:08:53",P.RAD,PLANTED,1.4,,,,,,,,,
Jelldale_Limited,13,13,13,431,27.1,NORMAL,Live,False,1,"2023-03-14 18:09:29",P.RAD,PLANTED,1.4,,,,,,,,,
Jelldale_Limited,13,13,14,462,31.8,NORMAL,Live,False,1,"2023-03-14 18:10:15",P.RAD,PLANTED,1.4,,,,,,,,,
Jelldale_Limited,13,13,15,533,33.8,NORMAL,Live,False,1,"2023-03-14 18:10:51",P.RAD,PLANTED,1.4,,,,,,,,,
Jelldale_Limited,13,13,16,410,,MISSING,Live,False,1,"2023-03-14 18:11:13",P.RAD,PLANTED,1.4,,,,,,,,,
Jelldale_Limited,13,13,17,580,,MISSING,Live,False,1,"2023-03-14 18:11:56",P.RAD,PLANTED,1.4,,,,,,,,,
Jelldale_Limited,13,13,18,499,,MISSING,Live,False,1,"2023-03-14 18:14:00",P.RAD,PLANTED,1.4,,,,,,,,,
Jelldale_Limited,13,13,19,476,,MISSING,Live,False,1,"2023-03-14 18:14:02",P.RAD,PLANTED,1.4,,,,,,,,,
Jelldale_Limited,13,13,20,538,30.7,NORMAL,Live,False,1,"2023-03-14 18:14:04",P.RAD,PLANTED,1.4,,,,,,,,,
Jelldale_Limited,13,13,21,463,,MISSING,Live,False,1,"2023-03-14 18:14:06",P.RAD,PLANTED,1.4,,,,,,,,,
Jelldale_Limited,13,13,22,431,,MISSING,Live,False,1,"2023-03-14 18:14:24",P.RAD,PLANTED,1.4,,,,,,,,,
Jelldale_Limited,13,13,23,465,,MISSING,Live,False,1,"2023-03-14 18:14:59",P.RAD,PLANTED,1.4,,,,,,,,,
Jelldale_Limited,13,13,24,453,,MISSING,Live,False,1,"2023-03-14 18:15:15",P.RAD,PLANTED,1.4,,,,,,,,,
Jelldale_Limited,13,13,25,479,,MISSING,Live,False,1,"2023-03-14 18:15:52",P.RAD,PLANTED,1.4,,,,,,,,,
Jelldale_Limited,13,13,26,462,,MISSING,Live,False,1,"2023-03-14 18:18:04",P.RAD,PLANTED,1.4,,,,,,,,,
Jelldale_Limited,13,13,27,417,,MISSING,Live,False,1,"2023-03-14 18:18:53",P.RAD,PLANTED,1.4,,,,,,,,,
Jelldale_Limited,13,13,28,452,,MISSING,Live,False,1,"2023-03-14 18:19:26",P.RAD,PLANTED,1.4,,,,,,,,,
Jelldale_Limited,13,13,29,519,,MISSING,Live,False,1,"2023-03-14 18:19:53",P.RAD,PLANTED,1.4,,,,,,,,,
Jelldale_Limited,13,13,30,497,,MISSING,Live,False,1,"2023-03-14 18:20:26",P.RAD,PLANTED,1.4,,,,,,,,,
Jelldale_Limited,14,14,1,443,,MISSING,Live,False,1,"2023-03-13 19:12:45",P.RAD,PLANTED,1.4,,,,,,,,,
Jelldale_Limited,14,14,2,529,32.5,NORMAL,Live,False,1,"2023-03-13 19:13:16",P.RAD,PLANTED,1.4,,,,,,,,,
Jelldale_Limited,14,14,3,405,,MISSING,Live,False,1,"2023-03-13 19:13:38",P.RAD,PLANTED,1.4,,,,,,,,,
Jelldale_Limited,14,14,4,530,33.5,NORMAL,Live,False,1,"2023-03-13 19:14:03",P.RAD,PLANTED,1.4,,,,,,,,,
Jelldale_Limited,14,14,5,460,31.4,NORMAL,Live,False,1,"2023-03-13 19:14:26",P.RAD,PLANTED,1.4,,,,,,,,,
Jelldale_Limited,14,14,6,434,,MISSING,Live,False,1,"2023-03-13 19:14:56",P.RAD,PLANTED,1.4,,,,,,,,,
Jelldale_Limited,14,14,7,408,35.4,NORMAL,Live,False,1,"2023-03-13 19:15:20",P.RAD,PLANTED,1.4,,,,,,,,,
Jelldale_Limited,14,14,8,445,31.4,NORMAL,Live,False,1,"2023-03-13 19:15:43",P.RAD,PLANTED,1.4,,,,,,,,,
Jelldale_Limited,14,14,9,478,36,NORMAL,Live,False,1,"2023-03-13 19:16:09",P.RAD,PLANTED,1.4,,,,,,,,,
Jelldale_Limited,14,14,10,443,34.5,NORMAL,Live,False,1,"2023-03-13 19:16:38",P.RAD,PLANTED,1.4,,,,,,,,,
Jelldale_Limited,14,14,11,504,39.3,NORMAL,Live,False,1,"2023-03-13 19:17:05",P.RAD,PLANTED,1.4,,,,,,,,,
Jelldale_Limited,14,14,12,467,35.9,NORMAL,Live,False,1,"2023-03-13 19:17:29",P.RAD,PLANTED,1.4,,,,,,,,,
Jelldale_Limited,14,14,13,434,36,NORMAL,Live,False,1,"2023-03-13 19:18:01",P.RAD,PLANTED,1.4,,,,,,,,,
Jelldale_Limited,14,14,14,494,,MISSING,Live,False,1,"2023-03-13 19:18:23",P.RAD,PLANTED,1.4,,,,,,,,,
Jelldale_Limited,14,14,15,518,,MISSING,Live,False,1,"2023-03-13 19:18:42",P.RAD,PLANTED,1.4,,,,,,,,,
Jelldale_Limited,14,14,16,453,,MISSING,Live,False,1,"2023-03-13 19:19:01",P.RAD,PLANTED,1.4,,,,,,,,,
Jelldale_Limited,14,14,17,438,,MISSING,Live,False,1,"2023-03-13 19:19:23",P.RAD,PLANTED,1.4,,,,,,,,,
Jelldale_Limited,14,14,18,446,21.4,BROKEN,Live,False,1,"2023-03-13 19:19:53",P.RAD,PLANTED,1.4,,,,,,,,,
Jelldale_Limited,14,14,19,425,,MISSING,Live,False,1,"2023-03-13 19:21:56",P.RAD,PLANTED,1.4,,,,,,,,,
Jelldale_Limited,14,14,20,462,,MISSING,Live,False,1,"2023-03-13 19:22:49",P.RAD,PLANTED,1.4,,,,,,,,,
Jelldale_Limited,14,14,21,515,,MISSING,Live,False,1,"2023-03-13 19:23:05",P.RAD,PLANTED,1.4,,,,,,,,,
Jelldale_Limited,14,14,22,510,,MISSING,Live,False,1,"2023-03-13 19:23:43",P.RAD,PLANTED,1.4,,,,,,,,,
Jelldale_Limited,14,14,23,396,,MISSING,Live,False,1,"2023-03-13 19:24:36",P.RAD,PLANTED,1.4,,,,,,,,,
Jelldale_Limited,14,14,24,545,,MISSING,Live,False,1,"2023-03-13 19:24:40",P.RAD,PLANTED,1.4,,,,,,,,,
Jelldale_Limited,14,14,25,421,,MISSING,Live,False,1,"2023-03-13 19:25:10",P.RAD,PLANTED,1.4,,,,,,,,,
Jelldale_Limited,15,15,1,447,34.9,NORMAL,Live,False,1,"2023-03-13 18:20:17",P.RAD,PLANTED,1.4,,,,,,,,,
Jelldale_Limited,15,15,2,459,32.4,NORMAL,Live,False,1,"2023-03-13 18:20:41",P.RAD,PLANTED,1.4,,,,,,,,,
Jelldale_Limited,15,15,3,514,34,NORMAL,Live,False,1,"2023-03-13 18:21:11",P.RAD,PLANTED,1.4,,,,,,,,,
Jelldale_Limited,15,15,4,542,40,NORMAL,Live,False,1,"2023-03-13 18:22:16",P.RAD,PLANTED,1.4,,,,,,,,,
Jelldale_Limited,15,15,5,493,,MISSING,Live,False,1,"2023-03-13 18:22:24",P.RAD,PLANTED,1.4,,,,,,,,,
Jelldale_Limited,15,15,6,394,,MISSING,Live,False,1,"2023-03-13 18:22:53",P.RAD,PLANTED,1.4,,,,,,,,,
Jelldale_Limited,15,15,7,453,33,NORMAL,Live,False,1,"2023-03-13 18:23:19",P.RAD,PLANTED,1.4,,,,,,,,,
Jelldale_Limited,15,15,8,410,,MISSING,Live,False,1,"2023-03-13 18:23:53",P.RAD,PLANTED,1.4,,,,,,,,,
Jelldale_Limited,15,15,9,459,,MISSING,Live,False,1,"2023-03-13 18:23:43",P.RAD,PLANTED,1.4,,,,,,,,,
Jelldale_Limited,15,15,10,576,,MISSING,Live,False,1,"2023-03-13 18:24:20",P.RAD,PLANTED,1.4,,,,,,,,,
Jelldale_Limited,15,15,11,418,,MISSING,Live,False,1,"2023-03-13 18:25:06",P.RAD,PLANTED,1.4,,,,,,,,,
Jelldale_Limited,15,15,12,489,41.2,NORMAL,Live,False,1,"2023-03-13 18:24:43",P.RAD,PLANTED,1.4,,,,,,,,,
Jelldale_Limited,15,15,13,564,43,NORMAL,Live,False,1,"2023-03-13 18:26:14",P.RAD,PLANTED,1.4,,,,,,,,,
Jelldale_Limited,15,15,14,378,36.3,NORMAL,Live,False,1,"2023-03-13 18:27:14",P.RAD,PLANTED,1.4,,,,,,,,,
Jelldale_Limited,15,15,15,415,,MISSING,Live,False,1,"2023-03-13 18:27:27",P.RAD,PLANTED,1.4,,,,,,,,,
Jelldale_Limited,15,15,16,350,,MISSING,Live,False,1,"2023-03-13 18:28:17",P.RAD,PLANTED,1.4,,,,,,,,,
Jelldale_Limited,15,15,17,410,,MISSING,Live,False,1,"2023-03-13 18:28:51",P.RAD,PLANTED,1.4,,,,,,,,,
Jelldale_Limited,15,15,18,456,,MISSING,Live,False,1,"2023-03-13 18:29:17",P.RAD,PLANTED,1.4,,,,,,,,,
Jelldale_Limited,15,15,19,514,36.4,NORMAL,Live,False,1,"2023-03-13 18:30:05",P.RAD,PLANTED,1.4,,,,,,,,,
Jelldale_Limited,15,15,20,424,36.6,NORMAL,Live,False,1,"2023-03-13 18:30:30",P.RAD,PLANTED,1.4,,,,,,,,,
Jelldale_Limited,15,15,21,412,,MISSING,Live,False,1,"2023-03-13 18:30:50",P.RAD,PLANTED,1.4,,,,,,,,,
Jelldale_Limited,16,16,1,554,26.9,NORMAL,Live,False,1,"2023-03-14 18:38:57",P.RAD,PLANTED,1.4,,,,,,,,,
Jelldale_Limited,16,16,2,435,18.6,BROKEN,Live,False,1,"2023-03-14 18:40:08",P.RAD,PLANTED,1.4,,,,,,,,,
Jelldale_Limited,16,16,3,474,27.4,NORMAL,Live,False,1,"2023-03-14 18:40:59",P.RAD,PLANTED,1.4,,,,,,,,,
Jelldale_Limited,16,16,4,405,11.3,BROKEN,Live,False,1,"2023-03-14 18:42:02",P.RAD,PLANTED,1.4,,,,,,,,,
Jelldale_Limited,16,16,5,700,,MISSING,Live,False,1,"2023-03-14 18:43:39",P.RAD,PLANTED,1.4,,,,,,,,,
Jelldale_Limited,16,16,6,481,28.3,NORMAL,Live,False,1,"2023-03-14 18:44:26",P.RAD,PLANTED,1.4,,,,,,,,,
Jelldale_Limited,16,16,7,510,29.6,NORMAL,Live,False,1,"2023-03-14 18:44:57",P.RAD,PLANTED,1.4,,,,,,,,,
Jelldale_Limited,16,16,8,550,,MISSING,Live,False,1,"2023-03-14 18:45:30",P.RAD,PLANTED,1.4,,,,,,,,,
Jelldale_Limited,16,16,9,463,27.2,NORMAL,Live,False,1,"2023-03-14 18:46:35",P.RAD,PLANTED,1.4,,,,,,,,,
Jelldale_Limited,16,16,10,477,25,NORMAL,Live,False,1,"2023-03-14 18:47:27",P.RAD,PLANTED,1.4,,,,,,,,,
Jelldale_Limited,16,16,11,509,,MISSING,Live,False,1,"2023-03-14 18:48:01",P.RAD,PLANTED,1.4,,,,,,,,,
Jelldale_Limited,16,16,12,544,24.9,NORMAL,Live,False,1,"2023-03-14 18:48:34",P.RAD,PLANTED,1.4,,,,,,,,,
Jelldale_Limited,16,16,13,358,,MISSING,Live,False,1,"2023-03-14 18:49:46",P.RAD,PLANTED,1.4,,,,,,,,,
Jelldale_Limited,16,16,14,547,,MISSING,Live,False,1,"2023-03-14 18:49:48",P.RAD,PLANTED,1.4,,,,,,,,,
Jelldale_Limited,16,16,15,359,,MISSING,Live,False,1,"2023-03-14 18:49:56",P.RAD,PLANTED,1.4,,,,,,,,,
Jelldale_Limited,16,16,16,525,27.2,NORMAL,Live,False,1,"2023-03-14 18:50:43",P.RAD,PLANTED,1.4,,,,,,,,,
Jelldale_Limited,16,16,17,434,,MISSING,Live,False,1,"2023-03-14 18:51:05",P.RAD,PLANTED,1.4,,,,,,,,,
Jelldale_Limited,16,16,18,430,25.2,NORMAL,Live,False,1,"2023-03-14 18:51:36",P.RAD,PLANTED,1.4,,,,,,,,,
Jelldale_Limited,16,16,19,512,27.2,NORMAL,Live,False,1,"2023-03-14 18:52:24",P.RAD,PLANTED,1.4,,,,,,,,,
Jelldale_Limited,16,16,20,459,,MISSING,Live,False,1,"2023-03-14 18:52:45",P.RAD,PLANTED,1.4,,,,,,,,,
Jelldale_Limited,16,16,21,382,,MISSING,Live,False,1,"2023-03-14 18:53:02",P.RAD,PLANTED,1.4,,,,,,,,,
Jelldale_Limited,16,16,22,314,,MISSING,Dead,False,1,"2023-03-14 18:53:32",P.RAD,PLANTED,1.4,,,,,,,,,
Jelldale_Limited,16,16,23,433,,MISSING,Live,False,1,"2023-03-14 18:54:20",P.RAD,PLANTED,1.4,,,,,,,,,
Jelldale_Limited,16,16,24,535,,MISSING,Live,False,1,"2023-03-14 18:54:41",P.RAD,PLANTED,1.4,,,,,,,,,
Jelldale_Limited,16,16,25,622,,MISSING,Live,False,1,"2023-03-14 18:56:37",P.RAD,PLANTED,1.4,,,,,,,,,
Jelldale_Limited,16,16,26,534,,MISSING,Live,False,1,"2023-03-14 18:57:26",P.RAD,PLANTED,1.4,,,,,,,,,
Jelldale_Limited,16,16,27,525,,MISSING,Live,False,1,"2023-03-14 18:58:09",P.RAD,PLANTED,1.4,,,,,,,,,
Jelldale_Limited,16,16,28,505,,MISSING,Live,False,1,"2023-03-14 18:58:30",P.RAD,PLANTED,1.4,,,,,,,,,
Jelldale_Limited,16,16,29,594,,MISSING,Live,False,1,"2023-03-14 18:58:57",P.RAD,PLANTED,1.4,,,,,,,,,
Jelldale_Limited,17,17,1,424,27.8,NORMAL,Live,False,1,"2023-03-13 19:41:52",P.RAD,PLANTED,1.4,,,,,,,,,
Jelldale_Limited,17,17,2,466,31,NORMAL,Live,False,1,"2023-03-13 19:42:37",P.RAD,PLANTED,1.4,,,,,,,,,
Jelldale_Limited,17,17,3,431,34.5,NORMAL,Live,False,1,"2023-03-13 19:42:59",P.RAD,PLANTED,1.4,,,,,,,,,
Jelldale_Limited,17,17,4,403,31.5,NORMAL,Live,False,1,"2023-03-13 19:43:20",P.RAD,PLANTED,1.4,,,,,,,,,
Jelldale_Limited,17,17,5,518,36.5,NORMAL,Live,False,1,"2023-03-13 19:43:47",P.RAD,PLANTED,1.4,,,,,,,,,
Jelldale_Limited,17,17,6,418,11.9,BROKEN,Live,False,1,"2023-03-13 19:44:10",P.RAD,PLANTED,1.4,,,,,,,,,
Jelldale_Limited,17,17,7,595,30.2,NORMAL,Live,False,1,"2023-03-13 19:44:47",P.RAD,PLANTED,1.4,,,,,,,,,
Jelldale_Limited,17,17,8,627,34,NORMAL,Live,False,1,"2023-03-13 19:45:32",P.RAD,PLANTED,1.4,,,,,,,,,
Jelldale_Limited,17,17,9,586,,MISSING,Live,False,1,"2023-03-13 19:46:21",P.RAD,PLANTED,1.4,,,,,,,,,
Jelldale_Limited,17,17,10,463,33.1,NORMAL,Live,False,1,"2023-03-13 19:46:46",P.RAD,PLANTED,1.4,,,,,,,,,
Jelldale_Limited,17,17,11,467,32.2,NORMAL,Live,False,1,"2023-03-13 19:47:19",P.RAD,PLANTED,1.4,,,,,,,,,
Jelldale_Limited,17,17,12,385,30.5,NORMAL,Live,False,1,"2023-03-13 19:47:50",P.RAD,PLANTED,1.4,,,,,,,,,
Jelldale_Limited,17,17,13,454,,MISSING,Live,False,1,"2023-03-13 19:48:41",P.RAD,PLANTED,1.4,,,,,,,,,
Jelldale_Limited,17,17,14,374,,MISSING,Live,False,1,"2023-03-13 19:48:53",P.RAD,PLANTED,1.4,,,,,,,,,
Jelldale_Limited,17,17,15,511,,MISSING,Live,False,1,"2023-03-13 19:49:51",P.RAD,PLANTED,1.4,,,,,,,,,
Jelldale_Limited,17,17,16,463,,MISSING,Live,False,1,"2023-03-13 19:49:55",P.RAD,PLANTED,1.4,,,,,,,,,
Jelldale_Limited,17,17,17,369,,MISSING,Live,False,1,"2023-03-13 19:50:50",P.RAD,PLANTED,1.4,,,,,,,,,
Jelldale_Limited,17,17,18,459,,MISSING,Live,False,1,"2023-03-13 19:51:03",P.RAD,PLANTED,1.4,,,,,,,,,
Jelldale_Limited,17,17,19,563,,MISSING,Live,False,1,"2023-03-13 19:51:31",P.RAD,PLANTED,1.4,,,,,,,,,
Jelldale_Limited,17,17,20,443,,MISSING,Live,False,1,"2023-03-13 19:52:18",P.RAD,PLANTED,1.4,,,,,,,,,
Jelldale_Limited,17,17,21,465,,MISSING,Live,False,1,"2023-03-13 19:55:53",P.RAD,PLANTED,1.4,,,,,,,,,
Jelldale_Limited,17,17,22,473,,MISSING,Live,False,1,"2023-03-13 19:56:23",P.RAD,PLANTED,1.4,,,,,,,,,
Jelldale_Limited,17,17,23,379,,MISSING,Live,False,1,"2023-03-13 19:56:30",P.RAD,PLANTED,1.4,,,,,,,,,
Jelldale_Limited,17,17,24,310,,MISSING,Live,False,1,"2023-03-13 19:56:55",P.RAD,PLANTED,1.4,,,,,,,,,
Jelldale_Limited,18,18,1,415,32,NORMAL,Live,False,1,"2023-03-13 18:42:15",P.RAD,PLANTED,1.4,,,,,,,,,
Jelldale_Limited,18,18,2,471,34,NORMAL,Live,False,1,"2023-03-13 18:42:37",P.RAD,PLANTED,1.4,,,,,,,,,
Jelldale_Limited,18,18,3,429,,MISSING,Live,False,1,"2023-03-13 18:43:02",P.RAD,PLANTED,1.4,,,,,,,,,
Jelldale_Limited,18,18,4,552,,MISSING,Live,False,1,"2023-03-13 18:43:30",P.RAD,PLANTED,1.4,,,,,,,,,
Jelldale_Limited,18,18,5,500,35.1,NORMAL,Live,False,1,"2023-03-13 18:43:53",P.RAD,PLANTED,1.4,,,,,,,,,
Jelldale_Limited,18,18,6,429,13.6,BROKEN,Live,False,1,"2023-03-13 18:44:23",P.RAD,PLANTED,1.4,,,,,,,,,
Jelldale_Limited,18,18,7,567,32.4,NORMAL,Live,False,1,"2023-03-13 18:44:54",P.RAD,PLANTED,1.4,,,,,,,,,
Jelldale_Limited,18,18,8,646,34.2,NORMAL,Live,False,1,"2023-03-13 18:45:26",P.RAD,PLANTED,1.4,,,,,,,,,
Jelldale_Limited,18,18,9,581,34.2,NORMAL,Live,False,1,"2023-03-13 18:46:06",P.RAD,PLANTED,1.4,,,,,,,,,
Jelldale_Limited,18,18,10,468,32.7,NORMAL,Live,False,1,"2023-03-13 18:47:01",P.RAD,PLANTED,1.4,,,,,,,,,
Jelldale_Limited,18,18,11,405,34.8,NORMAL,Live,False,1,"2023-03-13 18:47:25",P.RAD,PLANTED,1.4,,,,,,,,,
Jelldale_Limited,18,18,12,485,35,NORMAL,Live,False,1,"2023-03-13 18:47:51",P.RAD,PLANTED,1.4,,,,,,,,,
Jelldale_Limited,18,18,13,491,37.3,NORMAL,Live,False,1,"2023-03-13 18:48:15",P.RAD,PLANTED,1.4,,,,,,,,,
Jelldale_Limited,18,18,14,637,,MISSING,Live,False,1,"2023-03-13 18:48:51",P.RAD,PLANTED,1.4,,,,,,,,,
Jelldale_Limited,18,18,15,662,,MISSING,Live,False,1,"2023-03-13 18:49:45",P.RAD,PLANTED,1.4,,,,,,,,,
Jelldale_Limited,18,18,16,525,,MISSING,Live,False,1,"2023-03-13 18:50:05",P.RAD,PLANTED,1.4,,,,,,,,,
Jelldale_Limited,18,18,17,489,,MISSING,Live,False,1,"2023-03-13 18:51:46",P.RAD,PLANTED,1.4,,,,,,,,,
Jelldale_Limited,18,18,18,445,,MISSING,Live,False,1,"2023-03-13 18:52:36",P.RAD,PLANTED,1.4,,,,,,,,,
Jelldale_Limited,18,18,19,452,,MISSING,Live,False,1,"2023-03-13 18:52:39",P.RAD,PLANTED,1.4,,,,,,,,,
Jelldale_Limited,18,18,20,514,,MISSING,Live,False,1,"2023-03-13 18:52:55",P.RAD,PLANTED,1.4,,,,,,,,,
Jelldale_Limited,18,18,21,510,,MISSING,Live,False,1,"2023-03-13 18:53:18",P.RAD,PLANTED,1.4,,,,,,,,,
Jelldale_Limited,18,18,22,470,,MISSING,Live,False,1,"2023-03-13 18:53:39",P.RAD,PLANTED,1.4,,,,,,,,,
Jelldale_Limited,19,19,1,553,42.9,NORMAL,Live,False,1,"2023-03-13 17:06:34",P.RAD,PLANTED,1.4,,,,,,,,,
Jelldale_Limited,19,19,2,554,35.3,NORMAL,Live,False,1,"2023-03-13 17:07:04",P.RAD,PLANTED,1.4,,,,,,,,,
Jelldale_Limited,19,19,3,467,,MISSING,Live,False,1,"2023-03-13 17:07:45",P.RAD,PLANTED,1.4,,,,,,,,,
Jelldale_Limited,19,19,4,567,33.8,NORMAL,Live,False,1,"2023-03-13 17:08:28",P.RAD,PLANTED,1.4,,,,,,,,,
Jelldale_Limited,19,19,5,499,34.4,NORMAL,Live,False,1,"2023-03-13 17:09:19",P.RAD,PLANTED,1.4,,,,,,,,,
Jelldale_Limited,19,19,6,492,,MISSING,Live,False,1,"2023-03-13 17:09:59",P.RAD,PLANTED,1.4,,,,,,,,,
Jelldale_Limited,19,19,7,410,,MISSING,Live,False,1,"2023-03-13 17:10:33",P.RAD,PLANTED,1.4,,,,,,,,,
Jelldale_Limited,19,19,8,524,35.7,NORMAL,Live,False,1,"2023-03-13 17:11:07",P.RAD,PLANTED,1.4,,,,,,,,,
Jelldale_Limited,19,19,9,467,,MISSING,Live,False,1,"2023-03-13 17:11:27",P.RAD,PLANTED,1.4,,,,,,,,,
Jelldale_Limited,19,19,10,472,36,NORMAL,Live,False,1,"2023-03-13 17:12:06",P.RAD,PLANTED,1.4,,,,,,,,,
Jelldale_Limited,19,19,11,597,37.2,NORMAL,Live,False,1,"2023-03-13 17:12:28",P.RAD,PLANTED,1.4,,,,,,,,,
Jelldale_Limited,19,19,12,420,,MISSING,Live,False,1,"2023-03-13 17:14:49",P.RAD,PLANTED,1.4,,,,,,,,,
Jelldale_Limited,19,19,13,440,37.7,NORMAL,Live,False,1,"2023-03-13 17:16:09",P.RAD,PLANTED,1.4,,,,,,,,,
Jelldale_Limited,19,19,14,429,,MISSING,Live,False,1,"2023-03-13 17:16:42",P.RAD,PLANTED,1.4,,,,,,,,,
Jelldale_Limited,19,19,15,517,33.7,NORMAL,Live,False,1,"2023-03-13 17:17:15",P.RAD,PLANTED,1.4,,,,,,,,,
Jelldale_Limited,19,19,16,453,,MISSING,Live,False,1,"2023-03-13 17:17:45",P.RAD,PLANTED,1.4,,,,,,,,,
Jelldale_Limited,19,19,17,365,,MISSING,Live,False,1,"2023-03-13 17:19:32",P.RAD,PLANTED,1.4,,,,,,,,,
Jelldale_Limited,19,19,18,465,,MISSING,Live,False,1,"2023-03-13 17:19:40",P.RAD,PLANTED,1.4,,,,,,,,,
Jelldale_Limited,19,19,19,443,,MISSING,Live,False,1,"2023-03-13 17:19:43",P.RAD,PLANTED,1.4,,,,,,,,,
Jelldale_Limited,19,19,20,513,37.1,NORMAL,Live,False,1,"2023-03-13 17:20:07",P.RAD,PLANTED,1.4,,,,,,,,,
Jelldale_Limited,19,19,21,479,,MISSING,Live,False,1,"2023-03-13 17:20:45",P.RAD,PLANTED,1.4,,,,,,,,,
Jelldale_Limited,19,19,22,503,,MISSING,Live,False,1,"2023-03-13 17:22:13",P.RAD,PLANTED,1.4,,,,,,,,,
Jelldale_Limited,19,19,23,476,,MISSING,Live,False,1,"2023-03-13 17:23:09",P.RAD,PLANTED,1.4,,,,,,,,,
Jelldale_Limited,19,19,24,518,,MISSING,Live,False,1,"2023-03-13 17:23:54",P.RAD,PLANTED,1.4,,,,,,,,,
Jelldale_Limited,20,20,1,577,41,NORMAL,Live,False,1,"2023-03-14 19:19:32",P.RAD,PLANTED,1.4,,,,,,,,,
Jelldale_Limited,20,20,2,531,33.9,NORMAL,Live,False,1,"2023-03-14 19:20:07",P.RAD,PLANTED,1.4,,,,,,,,,
Jelldale_Limited,20,20,3,514,34.5,NORMAL,Live,False,1,"2023-03-14 19:20:43",P.RAD,PLANTED,1.4,,,,,,,,,
Jelldale_Limited,20,20,4,490,,MISSING,Live,False,1,"2023-03-14 19:21:20",P.RAD,PLANTED,1.4,,,,,,,,,
Jelldale_Limited,20,20,5,474,,MISSING,Live,False,1,"2023-03-14 19:21:49",P.RAD,PLANTED,1.4,,,,,,,,,
Jelldale_Limited,20,20,6,423,,MISSING,Live,False,1,"2023-03-14 19:22:34",P.RAD,PLANTED,1.4,,,,,,,,,
Jelldale_Limited,20,20,7,508,33.3,NORMAL,Live,False,1,"2023-03-14 19:23:09",P.RAD,PLANTED,1.4,,,,,,,,,
Jelldale_Limited,20,20,8,546,,MISSING,Live,False,1,"2023-03-14 19:23:50",P.RAD,PLANTED,1.4,,,,,,,,,
Jelldale_Limited,20,20,9,434,,MISSING,Live,False,1,"2023-03-14 19:24:39",P.RAD,PLANTED,1.4,,,,,,,,,
Jelldale_Limited,20,20,10,447,36,NORMAL,Live,False,1,"2023-03-14 19:24:57",P.RAD,PLANTED,1.4,,,,,,,,,
Jelldale_Limited,20,20,11,547,39.7,NORMAL,Live,False,1,"2023-03-14 19:25:29",P.RAD,PLANTED,1.4,,,,,,,,,
Jelldale_Limited,20,20,12,468,,MISSING,Live,False,1,"2023-03-14 19:26:15",P.RAD,PLANTED,1.4,,,,,,,,,
Jelldale_Limited,20,20,13,522,39.9,NORMAL,Live,False,1,"2023-03-14 19:26:52",P.RAD,PLANTED,1.4,,,,,,,,,
Jelldale_Limited,20,20,14,435,,MISSING,Live,False,1,"2023-03-14 19:27:11",P.RAD,PLANTED,1.4,,,,,,,,,
Jelldale_Limited,20,20,15,473,38,NORMAL,Live,False,1,"2023-03-14 19:27:37",P.RAD,PLANTED,1.4,,,,,,,,,
Jelldale_Limited,20,20,16,460,33,NORMAL,Live,False,1,"2023-03-14 19:28:05",P.RAD,PLANTED,1.4,,,,,,,,,
Jelldale_Limited,20,20,17,584,,MISSING,Live,False,1,"2023-03-14 19:29:21",P.RAD,PLANTED,1.4,,,,,,,,,
Jelldale_Limited,20,20,18,474,36.1,NORMAL,Live,False,1,"2023-03-14 19:29:41",P.RAD,PLANTED,1.4,,,,,,,,,
Jelldale_Limited,20,20,19,458,,MISSING,Live,False,1,"2023-03-14 19:30:10",P.RAD,PLANTED,1.4,,,,,,,,,
Jelldale_Limited,20,20,20,524,,MISSING,Live,False,1,"2023-03-14 19:30:39",P.RAD,PLANTED,1.4,,,,,,,,,
Jelldale_Limited,20,20,21,515,,MISSING,Live,False,1,"2023-03-14 19:30:53",P.RAD,PLANTED,1.4,,,,,,,,,
Jelldale_Limited,21,21,1,525,32.1,NORMAL,Live,False,1,"2023-03-14 12:59:27",P.RAD,PLANTED,1.4,,,,,,,,,
Jelldale_Limited,21,21,2,522,31.9,NORMAL,Live,False,1,"2023-03-14 12:59:57",P.RAD,PLANTED,1.4,,,,,,,,,
Jelldale_Limited,21,21,3,533,31.5,NORMAL,Live,False,1,"2023-03-14 13:00:30",P.RAD,PLANTED,1.4,,,,,,,,,
Jelldale_Limited,21,21,4,577,,MISSING,Live,False,1,"2023-03-14 13:01:08",P.RAD,PLANTED,1.4,,,,,,,,,
Jelldale_Limited,21,21,5,470,,MISSING,Live,False,1,"2023-03-14 13:01:32",P.RAD,PLANTED,1.4,,,,,,,,,
Jelldale_Limited,21,21,6,627,,MISSING,Live,False,1,"2023-03-14 13:02:07",P.RAD,PLANTED,1.4,,,,,,,,,
Jelldale_Limited,21,21,7,539,31.4,NORMAL,Live,False,1,"2023-03-14 13:02:51",P.RAD,PLANTED,1.4,,,,,,,,,
Jelldale_Limited,21,21,8,445,,MISSING,Live,False,1,"2023-03-14 13:03:28",P.RAD,PLANTED,1.4,,,,,,,,,
Jelldale_Limited,21,21,9,447,29.7,NORMAL,Live,False,1,"2023-03-14 13:04:00",P.RAD,PLANTED,1.4,,,,,,,,,
Jelldale_Limited,21,21,10,493,29.4,NORMAL,Live,False,1,"2023-03-14 13:04:57",P.RAD,PLANTED,1.4,,,,,,,,,
Jelldale_Limited,21,21,11,491,32.2,NORMAL,Live,False,1,"2023-03-14 13:05:39",P.RAD,PLANTED,1.4,,,,,,,,,
Jelldale_Limited,21,21,12,479,32.5,NORMAL,Live,False,1,"2023-03-14 13:06:16",P.RAD,PLANTED,1.4,,,,,,,,,
Jelldale_Limited,21,21,13,589,36.7,NORMAL,Live,False,1,"2023-03-14 13:07:06",P.RAD,PLANTED,1.4,,,,,,,,,
Jelldale_Limited,21,21,14,446,34.1,NORMAL,Live,False,1,"2023-03-14 13:07:41",P.RAD,PLANTED,1.4,,,,,,,,,
Jelldale_Limited,21,21,15,442,,MISSING,Live,False,1,"2023-03-14 13:08:09",P.RAD,PLANTED,1.4,,,,,,,,,
Jelldale_Limited,21,21,16,480,,MISSING,Live,False,1,"2023-03-14 13:08:33",P.RAD,PLANTED,1.4,,,,,,,,,
Jelldale_Limited,21,21,17,490,,MISSING,Live,False,1,"2023-03-14 13:08:35",P.RAD,PLANTED,1.4,,,,,,,,,
Jelldale_Limited,21,21,18,480,,MISSING,Live,False,1,"2023-03-14 13:08:57",P.RAD,PLANTED,1.4,,,,,,,,,
Jelldale_Limited,21,21,19,597,,MISSING,Live,False,1,"2023-03-14 13:09:23",P.RAD,PLANTED,1.4,,,,,,,,,
Jelldale_Limited,21,21,20,369,9.6,BROKEN,Live,False,1,"2023-03-14 13:10:10",P.RAD,PLANTED,1.4,,,,,,,,,
Jelldale_Limited,21,21,21,442,,MISSING,Live,False,1,"2023-03-14 13:11:20",P.RAD,PLANTED,1.4,,,,,,,,,
Jelldale_Limited,22,22,1,400,,MISSING,Live,False,1,"2023-03-14 12:30:05",P.RAD,PLANTED,1.4,,,,,,,,,
Jelldale_Limited,22,22,2,630,30.6,NORMAL,Live,False,1,"2023-03-14 12:30:57",P.RAD,PLANTED,1.4,,,,,,,,,
Jelldale_Limited,22,22,3,432,,MISSING,Live,False,1,"2023-03-14 12:31:31",P.RAD,PLANTED,1.4,,,,,,,,,
Jelldale_Limited,22,22,4,547,27.6,NORMAL,Live,False,1,"2023-03-14 12:32:12",P.RAD,PLANTED,1.4,,,,,,,,,
Jelldale_Limited,22,22,5,446,,MISSING,Live,False,1,"2023-03-14 12:32:44",P.RAD,PLANTED,1.4,,,,,,,,,
Jelldale_Limited,22,22,6,480,,MISSING,Live,False,1,"2023-03-14 12:33:10",P.RAD,PLANTED,1.4,,,,,,,,,
Jelldale_Limited,22,22,7,389,,MISSING,Dead,False,1,"2023-03-14 12:33:50",P.RAD,PLANTED,1.4,,,,,,,,,
Jelldale_Limited,22,22,8,393,15.2,BROKEN,Live,False,1,"2023-03-14 12:34:28",P.RAD,PLANTED,1.4,,,,,,,,,
Jelldale_Limited,22,22,9,534,,MISSING,Live,False,1,"2023-03-14 12:34:57",P.RAD,PLANTED,1.4,,,,,,,,,
Jelldale_Limited,22,22,10,494,,MISSING,Live,False,1,"2023-03-14 12:36:13",P.RAD,PLANTED,1.4,,,,,,,,,
Jelldale_Limited,22,22,11,461,27,NORMAL,Live,False,1,"2023-03-14 12:36:54",P.RAD,PLANTED,1.4,,,,,,,,,
Jelldale_Limited,22,22,12,429,,MISSING,Live,False,1,"2023-03-14 12:37:36",P.RAD,PLANTED,1.4,,,,,,,,,
Jelldale_Limited,22,22,13,448,26.8,NORMAL,Live,False,1,"2023-03-14 12:38:13",P.RAD,PLANTED,1.4,,,,,,,,,
Jelldale_Limited,22,22,14,422,,MISSING,Live,False,1,"2023-03-14 12:38:47",P.RAD,PLANTED,1.4,,,,,,,,,
Jelldale_Limited,22,22,15,470,,MISSING,Live,False,1,"2023-03-14 12:39:24",P.RAD,PLANTED,1.4,,,,,,,,,
Jelldale_Limited,22,22,16,438,13.4,BROKEN,Live,False,1,"2023-03-14 12:40:21",P.RAD,PLANTED,1.4,,,,,,,,,
Jelldale_Limited,22,22,17,583,,MISSING,Live,False,1,"2023-03-14 12:40:57",P.RAD,PLANTED,1.4,,,,,,,,,
Jelldale_Limited,22,22,18,600,29.2,NORMAL,Live,False,1,"2023-03-14 12:41:41",P.RAD,PLANTED,1.4,,,,,,,,,
Jelldale_Limited,22,22,19,640,,MISSING,Live,False,1,"2023-03-14 12:42:32",P.RAD,PLANTED,1.4,,,,,,,,,
Jelldale_Limited,22,22,20,465,,MISSING,Live,False,1,"2023-03-14 12:43:17",P.RAD,PLANTED,1.4,,,,,,,,,
Jelldale_Limited,22,22,21,592,14.2,BROKEN,Live,False,1,"2023-03-14 12:44:10",P.RAD,PLANTED,1.4,,,,,,,,,
Jelldale_Limited,22,22,22,645,,MISSING,Live,False,1,"2023-03-14 12:44:26",P.RAD,PLANTED,1.4,,,,,,,,,
Jelldale_Limited,23,23,1,517,32.9,NORMAL,Live,False,1,"2023-03-14 11:31:35",P.RAD,PLANTED,1.4,,,,,,,,,
Jelldale_Limited,23,23,2,511,30.4,NORMAL,Live,False,1,"2023-03-14 11:32:03",P.RAD,PLANTED,1.4,,,,,,,,,
Jelldale_Limited,23,23,3,469,32.4,NORMAL,Live,False,1,"2023-03-14 11:33:01",P.RAD,PLANTED,1.4,,,,,,,,,
Jelldale_Limited,23,23,4,417,27.5,NORMAL,Live,False,1,"2023-03-14 11:33:26",P.RAD,PLANTED,1.4,,,,,,,,,
Jelldale_Limited,23,23,5,733,33.5,NORMAL,Live,False,1,"2023-03-14 11:34:32",P.RAD,PLANTED,1.4,,,,,,,,,
Jelldale_Limited,23,23,6,573,,MISSING,Live,False,1,"2023-03-14 11:35:08",P.RAD,PLANTED,1.4,,,,,,,,,
Jelldale_Limited,23,23,7,453,,MISSING,Live,False,1,"2023-03-14 11:35:42",P.RAD,PLANTED,1.4,,,,,,,,,
Jelldale_Limited,23,23,8,607,32.1,NORMAL,Live,False,1,"2023-03-14 11:36:18",P.RAD,PLANTED,1.4,,,,,,,,,
Jelldale_Limited,23,23,9,642,35.3,NORMAL,Live,False,1,"2023-03-14 11:36:59",P.RAD,PLANTED,1.4,,,,,,,,,
Jelldale_Limited,23,23,10,280,,MISSING,Live,False,1,"2023-03-14 11:37:21",P.RAD,PLANTED,1.4,,,,,,,,,
Jelldale_Limited,23,23,11,501,,MISSING,Live,False,1,"2023-03-14 11:37:42",P.RAD,PLANTED,1.4,,,,,,,,,
Jelldale_Limited,23,23,12,513,,MISSING,Live,False,1,"2023-03-14 11:38:10",P.RAD,PLANTED,1.4,,,,,,,,,
Jelldale_Limited,23,23,13,657,30.2,NORMAL,Live,False,1,"2023-03-14 11:38:44",P.RAD,PLANTED,1.4,,,,,,,,,
Jelldale_Limited,23,23,14,707,,MISSING,Live,False,1,"2023-03-14 11:39:41",P.RAD,PLANTED,1.4,,,,,,,,,
Jelldale_Limited,23,23,15,517,,MISSING,Live,False,1,"2023-03-14 11:40:46",P.RAD,PLANTED,1.4,,,,,,,,,
Jelldale_Limited,23,23,16,421,,MISSING,Live,False,1,"2023-03-14 11:41:39",P.RAD,PLANTED,1.4,,,,,,,,,
Jelldale_Limited,23,23,17,574,,MISSING,Live,False,1,"2023-03-14 11:42:09",P.RAD,PLANTED,1.4,,,,,,,,,
Jelldale_Limited,23,23,18,444,,MISSING,Live,False,1,"2023-03-14 11:42:42",P.RAD,PLANTED,1.4,,,,,,,,,
Jelldale_Limited,23,23,19,517,,MISSING,Live,False,1,"2023-03-14 11:43:15",P.RAD,PLANTED,1.4,,,,,,,,,
Jelldale_Limited,23,23,20,450,,MISSING,Live,False,1,"2023-03-14 11:56:57",P.RAD,PLANTED,1.4,,Y,,,,,,,
Jelldale_Limited,23,23,21,552,,MISSING,Live,False,1,"2023-03-14 11:58:42",P.RAD,PLANTED,1.4,,,,,,,,,
Jelldale_Limited,23,23,22,552,34,NORMAL,Live,False,1,"2023-03-14 12:00:05",P.RAD,PLANTED,1.4,,,,,,,,,
Jelldale_Limited,23,23,23,725,30.2,NORMAL,Live,False,1,"2023-03-14 12:01:49",P.RAD,PLANTED,1.4,,,,,,,,,
Jelldale_Limited,24,24,1,505,26.6,NORMAL,Live,False,1,"2023-03-14 11:02:37",P.RAD,PLANTED,1.4,,,,,,,,,
Jelldale_Limited,24,24,2,449,10.8,BROKEN,Live,False,1,"2023-03-14 11:03:26",P.RAD,PLANTED,1.4,,,,,,,,,
Jelldale_Limited,24,24,3,530,,MISSING,Live,False,1,"2023-03-14 11:03:46",P.RAD,PLANTED,1.4,,,,,,,,,
Jelldale_Limited,24,24,4,646,,MISSING,Live,False,1,"2023-03-14 11:04:28",P.RAD,PLANTED,1.4,,,,,,,,,
Jelldale_Limited,24,24,5,505,,MISSING,Live,False,1,"2023-03-14 11:05:10",P.RAD,PLANTED,1.4,,,,,,,,,
Jelldale_Limited,24,24,6,533,23.2,BROKEN,Live,False,1,"2023-03-14 11:06:02",P.RAD,PLANTED,1.4,,,,,,,,,
Jelldale_Limited,24,24,7,545,28.8,NORMAL,Live,False,1,"2023-03-14 11:06:47",P.RAD,PLANTED,1.4,,,,,,,,,
Jelldale_Limited,24,24,8,364,,MISSING,Live,False,1,"2023-03-14 11:07:18",P.RAD,PLANTED,1.4,,,,,,,,,
Jelldale_Limited,24,24,9,433,,MISSING,Dead,False,1,"2023-03-14 11:07:42",P.RAD,PLANTED,1.4,,,,,,,,,
Jelldale_Limited,24,24,10,593,,MISSING,Live,False,1,"2023-03-14 11:08:09",P.RAD,PLANTED,1.4,,,,,,,,,
Jelldale_Limited,24,24,11,26,3.2,NORMAL,Live,False,1,"2023-03-14 11:09:16",P.RAD,REGENERATION,1.4,,,,,,,,,
Jelldale_Limited,24,24,12,443,24.5,NORMAL,Live,False,1,"2023-03-14 11:10:06",P.RAD,PLANTED,1.4,,,,,,,,,
Jelldale_Limited,24,24,13,648,27.1,NORMAL,Live,False,1,"2023-03-14 11:12:06",P.RAD,PLANTED,1.4,,,,,,,,,
Jelldale_Limited,24,24,14,509,30.1,NORMAL,Live,False,1,"2023-03-14 11:15:01",P.RAD,PLANTED,1.4,,,,,,,,,
Jelldale_Limited,24,24,15,650,29.1,NORMAL,Live,False,1,"2023-03-14 11:17:14",P.RAD,PLANTED,1.4,,,,,,,,,
Jelldale_Limited,25,25,1,436,27.7,NORMAL,Live,False,1,"2023-03-14 10:31:08",P.RAD,PLANTED,1.4,,,,,,,,,
Jelldale_Limited,25,25,2,515,,MISSING,Live,False,1,"2023-03-14 10:31:43",P.RAD,PLANTED,1.4,,,,,,,,,
Jelldale_Limited,25,25,3,523,,MISSING,Live,False,1,"2023-03-14 10:32:18",P.RAD,PLANTED,1.4,,,,,,,,,
Jelldale_Limited,25,25,4,492,,MISSING,Live,False,1,"2023-03-14 10:33:08",P.RAD,PLANTED,1.4,,,,,,,,,
Jelldale_Limited,25,25,5,371,,MISSING,Live,False,1,"2023-03-14 10:33:25",P.RAD,PLANTED,1.4,,,,,,,,,
Jelldale_Limited,25,25,6,525,35.1,NORMAL,Live,False,1,"2023-03-14 10:34:08",P.RAD,PLANTED,1.4,,,,,,,,,
Jelldale_Limited,25,25,7,475,36.4,NORMAL,Live,False,1,"2023-03-14 10:34:39",P.RAD,PLANTED,1.4,,,,,,,,,
Jelldale_Limited,25,25,8,445,32.9,NORMAL,Live,False,1,"2023-03-14 10:35:39",P.RAD,PLANTED,1.4,,,,,,,,,
Jelldale_Limited,25,25,9,459,,MISSING,Live,False,1,"2023-03-14 10:36:20",P.RAD,PLANTED,1.4,,,,,,,,,
Jelldale_Limited,25,25,10,471,36.3,NORMAL,Live,False,1,"2023-03-14 10:36:52",P.RAD,PLANTED,1.4,,,,,,,,,
Jelldale_Limited,25,25,11,532,,MISSING,Live,False,1,"2023-03-14 10:37:41",P.RAD,PLANTED,1.4,,,,,,,,,
Jelldale_Limited,25,25,12,461,,MISSING,Live,False,1,"2023-03-14 10:38:13",P.RAD,PLANTED,1.4,,,,,,,,,
Jelldale_Limited,25,25,13,449,34.2,NORMAL,Live,False,1,"2023-03-14 10:40:09",P.RAD,PLANTED,1.4,,,,,,,,,
Jelldale_Limited,25,25,14,557,36.8,NORMAL,Live,False,1,"2023-03-14 10:40:43",P.RAD,PLANTED,1.4,,,,,,,,,
Jelldale_Limited,25,25,15,473,,MISSING,Live,False,1,"2023-03-14 10:42:02",P.RAD,PLANTED,1.4,,,,,,,,,
Jelldale_Limited,25,25,16,434,29.9,NORMAL,Live,False,1,"2023-03-14 10:42:57",P.RAD,PLANTED,1.4,,,,,,,,,
Jelldale_Limited,25,25,17,517,38.3,NORMAL,Live,False,1,"2023-03-14 10:43:27",P.RAD,PLANTED,1.4,,,,,,,,,
Jelldale_Limited,25,25,18,427,35.8,NORMAL,Live,False,1,"2023-03-14 10:44:52",P.RAD,PLANTED,1.4,,,,,,,,,
Jelldale_Limited,25,25,19,492,,MISSING,Live,False,1,"2023-03-14 10:46:08",P.RAD,PLANTED,1.4,,,,,,,,,
Jelldale_Limited,25,25,20,438,,MISSING,Live,False,1,"2023-03-14 10:47:12",P.RAD,PLANTED,1.4,,,,,,,,,
Jelldale_Limited,25,25,21,512,,MISSING,Live,False,1,"2023-03-14 10:47:34",P.RAD,PLANTED,1.4,,,,,,,,,
Jelldale_Limited,26,26,1,415,,MISSING,Live,False,1,"2023-03-14 09:21:23",P.RAD,PLANTED,1.4,,,,,,,,,
Jelldale_Limited,26,26,2,323,7.7,BROKEN,Live,False,1,"2023-03-14 09:22:16",P.RAD,PLANTED,1.4,,,,,,,,,
Jelldale_Limited,26,26,3,523,30,NORMAL,Live,False,1,"2023-03-14 09:22:54",P.RAD,PLANTED,1.4,,,,,,,,,
Jelldale_Limited,26,26,4,362,,MISSING,Live,False,1,"2023-03-14 09:23:21",P.RAD,PLANTED,1.4,,,,,,,,,
Jelldale_Limited,26,26,5,565,30.6,NORMAL,Live,False,1,"2023-03-14 09:24:03",P.RAD,PLANTED,1.4,,,,,,,,,
Jelldale_Limited,26,26,6,470,27.5,NORMAL,Live,False,1,"2023-03-14 09:24:29",P.RAD,PLANTED,1.4,,,,,,,,,
Jelldale_Limited,26,26,7,417,,MISSING,Live,False,1,"2023-03-14 09:24:55",P.RAD,PLANTED,1.4,,,,,,,,,
Jelldale_Limited,26,26,8,502,,MISSING,Live,False,1,"2023-03-14 09:25:44",P.RAD,PLANTED,1.4,,,,,,,,,
Jelldale_Limited,26,26,9,565,8.7,BROKEN,Live,False,1,"2023-03-14 09:27:23",P.RAD,PLANTED,1.4,,,,,,,,,
Jelldale_Limited,26,26,10,411,,MISSING,Live,False,1,"2023-03-14 09:30:07",P.RAD,PLANTED,1.4,,,,,,,,,
Jelldale_Limited,26,26,11,652,,MISSING,Live,False,1,"2023-03-14 09:30:03",P.RAD,PLANTED,1.4,,,,,,,,,
Jelldale_Limited,26,26,12,443,,MISSING,Live,False,1,"2023-03-14 09:30:13",P.RAD,PLANTED,1.4,,,,,,,,,
Jelldale_Limited,26,26,13,444,,MISSING,Live,False,1,"2023-03-14 09:30:32",P.RAD,PLANTED,1.4,,,,,,,,,
Jelldale_Limited,26,26,14,452,30.6,NORMAL,Live,False,1,"2023-03-14 09:30:56",P.RAD,PLANTED,1.4,,,,,,,,,
Jelldale_Limited,26,26,15,623,,MISSING,Live,False,1,"2023-03-14 09:31:40",P.RAD,PLANTED,1.4,,,,,,,,,
Jelldale_Limited,26,26,16,437,,MISSING,Live,False,1,"2023-03-14 09:32:03",P.RAD,PLANTED,1.4,,,,,,,,,
Jelldale_Limited,26,26,17,616,39.7,NORMAL,Live,False,1,"2023-03-14 09:32:55",P.RAD,PLANTED,1.4,,,,,,,,,
Jelldale_Limited,26,26,18,535,35.9,NORMAL,Live,False,1,"2023-03-14 09:34:00",P.RAD,PLANTED,1.4,,,,,,,,,
Jelldale_Limited,26,26,19,482,,MISSING,Live,False,1,"2023-03-14 09:34:28",P.RAD,PLANTED,1.4,,,,,,,,,
Jelldale_Limited,26,26,20,579,31,NORMAL,Live,False,1,"2023-03-14 09:35:00",P.RAD,PLANTED,1.4,,,,,,,,,
Jelldale_Limited,26,26,21,440,36,NORMAL,Live,False,1,"2023-03-14 09:35:38",P.RAD,PLANTED,1.4,,,,,,,,,
Jelldale_Limited,26,26,22,377,28.1,NORMAL,Live,False,1,"2023-03-14 09:36:05",P.RAD,PLANTED,1.4,,,,,,,,,
Jelldale_Limited,26,26,23,476,31.1,NORMAL,Live,False,1,"2023-03-14 09:37:30",P.RAD,PLANTED,1.4,,,,,,,,,
Jelldale_Limited,27,27,1,448,,MISSING,Live,False,1,"2023-03-14 10:01:40",P.RAD,PLANTED,1.4,,,,,,,,,
Jelldale_Limited,27,27,2,494,36.7,NORMAL,Live,False,1,"2023-03-14 10:02:11",P.RAD,PLANTED,1.4,,,,,,,,,
Jelldale_Limited,27,27,3,439,30.4,NORMAL,Live,False,1,"2023-03-14 10:02:47",P.RAD,PLANTED,1.4,,,,,,,,,
Jelldale_Limited,27,27,4,578,35.4,NORMAL,Live,False,1,"2023-03-14 10:03:14",P.RAD,PLANTED,1.4,,,,,,,,,
Jelldale_Limited,27,27,5,487,,MISSING,Live,False,1,"2023-03-14 10:04:03",P.RAD,PLANTED,1.4,,,,,,,,,
Jelldale_Limited,27,27,6,666,18.4,BROKEN,Live,False,1,"2023-03-14 10:04:37",P.RAD,PLANTED,1.4,,,,,,,,,
Jelldale_Limited,27,27,7,447,,MISSING,Live,False,1,"2023-03-14 10:05:10",P.RAD,PLANTED,1.4,,,,,,,,,
Jelldale_Limited,27,27,8,505,,MISSING,Live,False,1,"2023-03-14 10:05:44",P.RAD,PLANTED,1.4,,,,,,,,,
Jelldale_Limited,27,27,9,307,6.1,BROKEN,Live,False,1,"2023-03-14 10:06:12",P.RAD,PLANTED,1.4,,,,,,,,,
Jelldale_Limited,27,27,10,510,39.6,NORMAL,Live,False,1,"2023-03-14 10:06:40",P.RAD,PLANTED,1.4,,,,,,,,,
Jelldale_Limited,27,27,11,474,34.5,NORMAL,Live,False,1,"2023-03-14 10:07:09",P.RAD,PLANTED,1.4,,,,,,,,,
Jelldale_Limited,27,27,12,400,32.9,NORMAL,Live,False,1,"2023-03-14 10:07:40",P.RAD,PLANTED,1.4,,,,,,,,,
Jelldale_Limited,27,27,13,455,36.2,NORMAL,Live,False,1,"2023-03-14 10:08:03",P.RAD,PLANTED,1.4,,,,,,,,,
Jelldale_Limited,27,27,14,640,34,NORMAL,Live,False,1,"2023-03-14 10:08:35",P.RAD,PLANTED,1.4,,,,,,,,,
Jelldale_Limited,27,27,15,391,30.7,NORMAL,Live,False,1,"2023-03-14 10:09:10",P.RAD,PLANTED,1.4,,,,,,,,,
Jelldale_Limited,27,27,16,467,29.9,NORMAL,Live,False,1,"2023-03-14 10:11:08",P.RAD,PLANTED,1.4,,,,,,,,,
Jelldale_Limited,27,27,17,405,,MISSING,Live,False,1,"2023-03-14 10:11:32",P.RAD,PLANTED,1.4,,,,,,,,,
Jelldale_Limited,27,27,18,480,,MISSING,Live,False,1,"2023-03-14 10:11:55",P.RAD,PLANTED,1.4,,,,,,,,,
Jelldale_Limited,27,27,19,369,,MISSING,Live,False,1,"2023-03-14 10:12:32",P.RAD,PLANTED,1.4,,,,,,,,,
Jelldale_Limited,27,27,20,560,,MISSING,Live,False,1,"2023-03-14 10:12:59",P.RAD,PLANTED,1.4,,,,,,,,,
Jelldale_Limited,27,27,21,422,,MISSING,Live,False,1,"2023-03-14 10:13:21",P.RAD,PLANTED,1.4,,,,,,,,,
Jelldale_Limited,28,28,1,275,23.3,NORMAL,Live,False,1,"2023-03-14 08:31:37",P.RAD,PLANTED,1.4,,,,,,,,,
Jelldale_Limited,28,28,2,486,33.1,NORMAL,Live,False,1,"2023-03-14 08:32:28",P.RAD,PLANTED,1.4,,,,,,,,,
Jelldale_Limited,28,28,3,292,28.1,NORMAL,Live,False,1,"2023-03-14 08:32:59",P.RAD,PLANTED,1.4,,,,,,,,,
Jelldale_Limited,28,28,4,430,30.3,NORMAL,Live,False,1,"2023-03-14 08:33:46",P.RAD,PLANTED,1.4,,,,,,,,,
Jelldale_Limited,28,28,5,423,,MISSING,Live,False,1,"2023-03-14 08:34:24",P.RAD,PLANTED,1.4,,,,,,,,,
Jelldale_Limited,28,28,6,377,,MISSING,Live,False,1,"2023-03-14 08:35:29",P.RAD,PLANTED,1.4,,,,,,,,,
Jelldale_Limited,28,28,7,335,,MISSING,Live,False,1,"2023-03-14 08:35:54",P.RAD,PLANTED,1.4,,,,,,,,,
Jelldale_Limited,28,28,8,384,,MISSING,Dead,False,1,"2023-03-14 08:36:19",P.RAD,PLANTED,1.4,,,,,,,,,
Jelldale_Limited,28,28,9,409,30.9,NORMAL,Live,False,1,"2023-03-14 08:37:05",P.RAD,PLANTED,1.4,,,,,,,,,
Jelldale_Limited,28,28,10,361,,MISSING,Dead,False,1,"2023-03-14 08:37:35",P.RAD,PLANTED,1.4,,,,,,,,,
Jelldale_Limited,28,28,11,320,,MISSING,Live,False,1,"2023-03-14 08:38:01",P.RAD,PLANTED,1.4,,,,,,,,,
Jelldale_Limited,28,28,12,430,32.5,NORMAL,Live,False,1,"2023-03-14 08:38:27",P.RAD,PLANTED,1.4,,,,,,,,,
Jelldale_Limited,28,28,13,386,29.8,NORMAL,Live,False,1,"2023-03-14 08:39:57",P.RAD,PLANTED,1.4,,,,,,,,,
Jelldale_Limited,28,28,14,437,19,BROKEN,Live,False,1,"2023-03-14 08:40:14",P.RAD,PLANTED,1.4,,,,,,,,,
Jelldale_Limited,28,28,15,419,27.7,NORMAL,Live,False,1,"2023-03-14 08:41:14",P.RAD,PLANTED,1.4,,,,,,,,,
Jelldale_Limited,28,28,16,343,26.3,NORMAL,Live,False,1,"2023-03-14 08:41:55",P.RAD,PLANTED,1.4,,,,,,,,,
Jelldale_Limited,28,28,17,472,31.8,NORMAL,Live,False,1,"2023-03-14 08:42:46",P.RAD,PLANTED,1.4,,,,,,,,,
Jelldale_Limited,28,28,18,534,,MISSING,Live,False,1,"2023-03-14 08:43:14",P.RAD,PLANTED,1.4,,,,,,,,,
Jelldale_Limited,28,28,19,424,,MISSING,Live,False,1,"2023-03-14 08:43:15",P.RAD,PLANTED,1.4,,,,,,,,,
Jelldale_Limited,28,28,20,505,,MISSING,Live,False,1,"2023-03-14 08:43:48",P.RAD,PLANTED,1.4,,,,,,,,,
Jelldale_Limited,28,28,21,535,,MISSING,Live,False,1,"2023-03-14 08:44:16",P.RAD,PLANTED,1.4,,,,,,,,,
Jelldale_Limited,28,28,22,355,,MISSING,Live,False,1,"2023-03-14 08:44:44",P.RAD,PLANTED,1.4,,,,,,,,,
Jelldale_Limited,28,28,23,391,,MISSING,Live,False,1,"2023-03-14 08:45:14",P.RAD,PLANTED,1.4,,,,,,,,,
Jelldale_Limited,28,28,24,368,,MISSING,Live,False,1,"2023-03-14 08:45:47",P.RAD,PLANTED,1.4,,,,,,,,,
Jelldale_Limited,29,29,1,541,26.6,NORMAL,Live,False,1,"2023-03-14 13:29:44",P.RAD,PLANTED,1.4,,,,,,,,,
Jelldale_Limited,29,29,2,537,27.4,NORMAL,Live,False,1,"2023-03-14 13:30:20",P.RAD,PLANTED,1.4,,,,,,,,,
Jelldale_Limited,29,29,3,540,,MISSING,Live,False,1,"2023-03-14 13:31:24",P.RAD,PLANTED,1.4,,,,,,,,,
Jelldale_Limited,29,29,4,410,27.1,NORMAL,Live,False,1,"2023-03-14 13:31:43",P.RAD,PLANTED,1.4,,,,,,,,,
Jelldale_Limited,29,29,5,460,25.9,NORMAL,Live,False,1,"2023-03-14 13:32:22",P.RAD,PLANTED,1.4,,,,,,,,,
Jelldale_Limited,29,29,6,389,25.3,NORMAL,Live,False,1,"2023-03-14 13:32:57",P.RAD,PLANTED,1.4,,,,,,,,,
Jelldale_Limited,29,29,7,443,23.8,NORMAL,Live,False,1,"2023-03-14 13:33:39",P.RAD,PLANTED,1.4,,,,,,,,,
Jelldale_Limited,29,29,8,464,23.5,NORMAL,Live,False,1,"2023-03-14 13:34:08",P.RAD,PLANTED,1.4,,,,,,,,,
Jelldale_Limited,29,29,9,520,26.7,NORMAL,Live,False,1,"2023-03-14 13:34:41",P.RAD,PLANTED,1.4,,,,,,,,,
Jelldale_Limited,29,29,10,417,24.3,NORMAL,Live,False,1,"2023-03-14 13:35:08",P.RAD,PLANTED,1.4,,,,,,,,,
Jelldale_Limited,29,29,11,512,,MISSING,Live,False,1,"2023-03-14 13:35:47",P.RAD,PLANTED,1.4,,,,,,,,,
Jelldale_Limited,29,29,12,414,,MISSING,Live,False,1,"2023-03-14 13:35:53",P.RAD,PLANTED,1.4,,,,,,,,,
Jelldale_Limited,29,29,13,519,,MISSING,Live,False,1,"2023-03-14 13:36:22",P.RAD,PLANTED,1.4,,,,,,,,,
Jelldale_Limited,29,29,14,488,,MISSING,Live,False,1,"2023-03-14 13:36:25",P.RAD,PLANTED,1.4,,,,,,,,,
Jelldale_Limited,29,29,15,515,21.1,NORMAL,Live,False,1,"2023-03-14 13:36:59",P.RAD,PLANTED,1.4,,,,,,,,,
Jelldale_Limited,29,29,16,637,,MISSING,Live,False,1,"2023-03-14 13:37:37",P.RAD,PLANTED,1.4,,,,,,,,,
Jelldale_Limited,29,29,17,466,,MISSING,Live,False,1,"2023-03-14 13:38:19",P.RAD,PLANTED,1.4,,,,,,,,,
Jelldale_Limited,29,29,18,495,,MISSING,Live,False,1,"2023-03-14 13:39:38",P.RAD,PLANTED,1.4,,,,,,,,,
Jelldale_Limited,29,29,19,416,,MISSING,Live,False,1,"2023-03-14 13:42:56",P.RAD,PLANTED,1.4,,,,,,,,,
Jelldale_Limited,29,29,20,434,,MISSING,Live,False,1,"2023-03-14 13:42:58",P.RAD,PLANTED,1.4,,,,,,,,,
Jelldale_Limited,29,29,21,481,,MISSING,Live,False,1,"2023-03-14 13:44:05",P.RAD,PLANTED,1.4,,,,,,,,,
Jelldale_Limited,29,29,22,415,,MISSING,Live,False,1,"2023-03-14 13:44:47",P.RAD,PLANTED,1.4,,,,,,,,,
Jelldale_Limited,29,29,23,346,,MISSING,Live,False,1,"2023-03-14 13:45:04",P.RAD,PLANTED,1.4,,,,,,,,,
Jelldale_Limited,29,29,24,480,,MISSING,Live,False,1,"2023-03-14 13:45:26",P.RAD,PLANTED,1.4,,,,,,,,,
Jelldale_Limited,30,30,1,468,30.9,NORMAL,Live,False,1,"2023-03-14 14:20:37",P.RAD,PLANTED,1.4,,,,,,,,,
Jelldale_Limited,30,30,2,464,29.6,NORMAL,Live,False,1,"2023-03-14 14:20:57",P.RAD,PLANTED,1.4,,,,,,,,,
Jelldale_Limited,30,30,3,382,29.7,NORMAL,Live,False,1,"2023-03-14 14:21:17",P.RAD,PLANTED,1.4,,,,,,,,,
Jelldale_Limited,30,30,4,574,32.7,NORMAL,Live,False,1,"2023-03-14 14:21:36",P.RAD,PLANTED,1.4,,,,,,,,,
Jelldale_Limited,30,30,5,464,,MISSING,Live,False,1,"2023-03-14 14:21:48",P.RAD,PLANTED,1.4,,,,,,,,,
Jelldale_Limited,30,30,6,520,31.4,NORMAL,Live,False,1,"2023-03-14 14:22:08",P.RAD,PLANTED,1.4,,,,,,,,,
Jelldale_Limited,30,30,7,635,,MISSING,Live,False,1,"2023-03-14 14:26:38",P.RAD,PLANTED,1.4,,,,,,,,,
Jelldale_Limited,30,30,8,564,29.7,NORMAL,Live,False,1,"2023-03-14 14:22:31",P.RAD,PLANTED,1.4,,,,,,,,,
Jelldale_Limited,30,30,9,504,36.2,NORMAL,Live,False,1,"2023-03-14 14:23:13",P.RAD,PLANTED,1.4,,,,,,,,,
Jelldale_Limited,30,30,10,560,36.5,NORMAL,Live,False,1,"2023-03-14 14:23:47",P.RAD,PLANTED,1.4,,,,,,,,,
Jelldale_Limited,30,30,11,353,,MISSING,Live,False,1,"2023-03-14 14:23:54",P.RAD,PLANTED,1.4,,,,,,,,,
Jelldale_Limited,30,30,12,454,,MISSING,Live,False,1,"2023-03-14 14:24:00",P.RAD,PLANTED,1.4,,,,,,,,,
Jelldale_Limited,30,30,13,488,33.6,NORMAL,Live,False,1,"2023-03-14 14:24:26",P.RAD,PLANTED,1.4,,,,,,,,,
Jelldale_Limited,30,30,14,216,,MISSING,Live,False,1,"2023-03-14 14:24:28",P.RAD,PLANTED,1.4,,,,,,,,,
Jelldale_Limited,30,30,15,601,,MISSING,Live,False,1,"2023-03-14 14:24:55",P.RAD,PLANTED,1.4,,,,,,,,,
Jelldale_Limited,30,30,16,525,,MISSING,Live,False,1,"2023-03-14 14:25:12",P.RAD,PLANTED,1.4,,,,,,,,,
Jelldale_Limited,30,30,17,446,,MISSING,Live,False,1,"2023-03-14 14:25:47",P.RAD,PLANTED,1.4,,,,,,,,,
Jelldale_Limited,30,30,18,353,,MISSING,Live,False,1,"2023-03-14 14:25:52",P.RAD,PLANTED,1.4,,,,,,,,,
Jelldale_Limited,30,30,19,370,32.7,NORMAL,Live,False,1,"2023-03-14 14:16:33",P.RAD,PLANTED,1.4,,,,,,,,,
Jelldale_Limited,30,30,20,506,,MISSING,Live,False,1,"2023-03-14 14:27:15",P.RAD,PLANTED,1.4,,,,,,,,,
Jelldale_Limited,30,30,21,418,,MISSING,Live,False,1,"2023-03-14 14:28:22",P.RAD,PLANTED,1.4,,,,,,,,,
