globalid,plot_no,slope_and_,alive,stressed,dead,notes,parentglob,CreationDa,Creator,EditDate,Editor,missing,tally
{FDDAE012-36AF-4F3D-ADFA-6F50BD913E4B},39.000000000000000, ,25.000000000000000,8.000000000000000,17.000000000000000,About 50/50,{6D04DD2F-49BD-4664-8E38-0E9411783A44},11/03/2025 0:00:00, ,11/03/2025 0:00:00, ,0.000000000000000,50
{795F9D8B-ECA6-4EC3-B49B-AF64F97B4F51},38.000000000000000, ,35.000000000000000,10.000000000000000,4.000000000000000, ,{C3E16B30-62F5-4654-B6EE-5BF6FD0DDC1C},11/03/2025 0:00:00, ,11/03/2025 0:00:00, ,1.000000000000000,50
{DD150B7C-774E-4076-94E5-900A3A97D4CB},7.000000000000000, ,39.000000000000000,8.000000000000000,1.000000000000000,Trees look quite good,{0E391322-8971-4C08-B63E-B96398E04101},11/03/2025 0:00:00, ,11/03/2025 0:00:00, ,2.000000000000000,50
{1801B4AF-7125-4C5F-97A8-E89C0F009431},14.000000000000000, ,36.000000000000000,7.000000000000000,7.000000000000000,Decently healthy in general,{3351B05B-1196-4CB6-8887-8E3370C443A9},11/03/2025 0:00:00, ,11/03/2025 0:00:00, ,0.000000000000000,50
{E2EBA421-791A-4858-A20D-4283874A1304},14.100000000000000, ,24.000000000000000,6.000000000000000,20.000000000000000,Patchy area added in,{37C09236-1084-4A29-AE35-19145C6C3468},11/03/2025 0:00:00, ,11/03/2025 0:00:00, ,0.000000000000000,50
{ABB2B879-F041-469A-96AC-BF37211A73B5},3.000000000000000, ,38.000000000000000,5.000000000000000,5.000000000000000,Trees looking good,{4460D08D-DDB5-4E73-84DC-6185E35AF08A},11/03/2025 0:00:00, ,11/03/2025 0:00:00, ,2.000000000000000,50
{F19423D2-F554-4255-9BB7-3D61128C80FA},1.000000000000000, ,38.000000000000000,3.000000000000000,9.000000000000000, ,{5C614D69-9650-431F-A1C4-9ED987F29293},11/03/2025 0:00:00, ,11/03/2025 0:00:00, ,0.000000000000000,50
{F69FB7D4-07B8-4698-A937-AEA82F19E1F0},4.000000000000000, ,40.000000000000000,4.000000000000000,6.000000000000000,Moved plot out of wetland area,{103FC940-FCE1-466C-B985-CF3B736CC110},11/03/2025 0:00:00, ,11/03/2025 0:00:00, ,0.000000000000000,50
{CAD9EC14-A05A-49C5-925B-3BD9BF07D917},6.000000000000000, ,41.000000000000000,4.000000000000000,4.000000000000000,Some of the heavier grass starting to cover the occasional tree,{F8B9DCAA-F0D2-4D62-876F-51035357D9A3},11/03/2025 0:00:00, ,11/03/2025 0:00:00, ,1.000000000000000,50
{29E3B4B6-8E68-430C-81D2-0AE843F09C4A},8.000000000000000, ,40.000000000000000,7.000000000000000,3.000000000000000, ,{8D4612D6-ECEC-460D-B0C6-00239153DC82},11/03/2025 0:00:00, ,11/03/2025 0:00:00, ,0.000000000000000,50
{F1158603-D40C-468C-A649-C088DBEBE52B},37.000000000000000, ,41.000000000000000,7.000000000000000,2.000000000000000, ,{A8D45CFE-6B40-48FF-827F-8241C53AF8F6},11/03/2025 0:00:00, ,11/03/2025 0:00:00, ,0.000000000000000,50
{99B013AB-83C7-4D80-A9A4-ADFF28861B8C},10.000000000000000, ,38.000000000000000,5.000000000000000,6.000000000000000, ,{1655F692-A72B-4668-8621-8F9C5AC1B097},11/03/2025 0:00:00, ,11/03/2025 0:00:00, ,1.000000000000000,50
{D7D20862-1737-44DA-85A0-D8FC155D33D9},11.000000000000000, ,39.000000000000000,4.000000000000000,5.000000000000000,"Due to late release on some of area, long grass has smothered some trees",{9B24780A-E7DA-43E9-B042-15A39D6DFBE2},11/03/2025 0:00:00, ,11/03/2025 0:00:00, ,2.000000000000000,50
{F57BEEE9-653F-4A30-94D1-CEA52CDA63D9},2.000000000000000, ,30.000000000000000,4.000000000000000,15.000000000000000,Area with dead are within rocky area in plot,{4980B285-1BA7-42C4-AA4D-2ED40BBADF51},11/03/2025 0:00:00, ,11/03/2025 0:00:00, ,1.000000000000000,50
{CEBF25A6-F0A3-48E5-855F-62A3FA727690},5.000000000000000, ,32.000000000000000,4.000000000000000,8.000000000000000, ,{E912CC42-4284-4BC6-B11A-1B8DAE5A6E29},11/03/2025 0:00:00, ,11/03/2025 0:00:00, ,6.000000000000000,50
{FC0815BE-E8FC-454D-B979-15361DFD63C0},9.000000000000000, ,37.000000000000000,8.000000000000000,4.000000000000000, ,{E62F935E-8382-4648-A331-EBFBD00A4EC5},11/03/2025 0:00:00, ,11/03/2025 0:00:00, ,1.000000000000000,50
{4054052E-B4A7-45F0-8702-8C456CCAE158},29.100000000000001, ,10.000000000000000,11.000000000000000,25.000000000000000,"Whole top area of block looks dead, hence the extra plot here",{F4EA0F19-71A1-4550-9693-6CA194BB92C8},12/03/2025 0:00:00, ,12/03/2025 0:00:00, ,4.000000000000000,50
{BB12EAED-2F94-478E-86E6-E3E54D837C77},29.000000000000000, ,27.000000000000000,5.000000000000000,18.000000000000000,Mixed bag of alive and dead,{8F623DA3-CC75-4004-9153-7BE053E172DD},12/03/2025 0:00:00, ,12/03/2025 0:00:00, ,0.000000000000000,50
{C7500F45-9387-4381-A399-B5C25EE6F16B},15.000000000000000, ,43.000000000000000,4.000000000000000,3.000000000000000, ,{B2D31ECB-027E-48FD-9D2C-B78EE9EA1B6F},12/03/2025 0:00:00, ,12/03/2025 0:00:00, ,0.000000000000000,50
{0A43B442-0CA1-4906-894A-C9F7113A6CE8},16.000000000000000, ,19.000000000000000,11.000000000000000,19.000000000000000, ,{0A2AF5D0-255F-480E-AE6E-A06F24DF23D7},12/03/2025 0:00:00, ,12/03/2025 0:00:00, ,1.000000000000000,50
{30532F11-ED5D-4154-93FB-4278F8A67051},23.000000000000000, ,33.000000000000000,8.000000000000000,9.000000000000000,"Some sign of pests nibbling on seedlings in this area.
Dead trees in area show no signs of growth since planting",{DF18905A-2D16-4886-9C52-60A7527A24CB},12/03/2025 0:00:00, ,12/03/2025 0:00:00, ,0.000000000000000,50
{5B79682E-038C-43FF-9546-0A0F335DC24F},24.000000000000000, ,37.000000000000000,7.000000000000000,2.000000000000000,Holes where rows change line,{F06EE241-E67A-4074-972D-37B32EBF5ABB},12/03/2025 0:00:00, ,12/03/2025 0:00:00, ,4.000000000000000,50
{C5C961B4-F709-4059-BAE0-E08B05EF47DA},32.000000000000000, ,33.000000000000000,5.000000000000000,11.000000000000000, ,{F18F4BD2-777F-4E90-957C-9EF9BC2C1C33},12/03/2025 0:00:00, ,12/03/2025 0:00:00, ,1.000000000000000,50
{1D3D2DEF-FFEB-4CF1-883B-3230C97499F2},34.000000000000000, ,31.000000000000000,5.000000000000000,14.000000000000000, ,{9BBA0F80-AC30-4137-A09B-4057EEDC4E24},12/03/2025 0:00:00, ,12/03/2025 0:00:00, ,0.000000000000000,50
{568A6B49-FA1D-47F2-A133-1BE719D4676E},33.000000000000000, ,28.000000000000000,14.000000000000000,6.000000000000000,This face is generally better than the other in this compartment,{FCAAC97F-AC13-40F6-8C83-5E0C71B68DED},12/03/2025 0:00:00, ,12/03/2025 0:00:00, ,2.000000000000000,50
{C4CA9D03-EA1F-43C2-AC59-7CB38B7EA594},28.000000000000000, ,40.000000000000000,6.000000000000000,4.000000000000000,Trees doing much better on the back face,{91F915CA-CCB8-456E-8B62-A297F310E778},12/03/2025 0:00:00, ,12/03/2025 0:00:00, ,0.000000000000000,50
{D118AA74-D07D-4774-A8FB-E6293FC18077},24.000000000000000, ,41.000000000000000,7.000000000000000,2.000000000000000,Stresses trees in plot have open spade cuts,{F348FB97-EEF2-4F73-9E83-0961B498CA62},12/03/2025 0:00:00, ,12/03/2025 0:00:00, ,0.000000000000000,50
{8825CB16-9927-4099-B900-F7A00989E3ED},35.000000000000000, ,17.000000000000000,14.000000000000000,18.000000000000000,Croppy type ground,{A1572055-2630-449B-B328-D5E48BA0929F},12/03/2025 0:00:00, ,12/03/2025 0:00:00, ,1.000000000000000,50
{C7B7712D-78B3-48FA-9139-6601EFAE829B},36.000000000000000, ,25.000000000000000,9.000000000000000,16.000000000000000,Trees that are dead look like they dried out,{B831BF5C-6E2F-484D-BF79-CDD55A91D072},12/03/2025 0:00:00, ,12/03/2025 0:00:00, ,0.000000000000000,50
{4FF53B53-04F7-48BA-AA70-E45E0EBB6CE6},26.000000000000000, ,47.000000000000000,1.000000000000000,2.000000000000000,"Survival looks great in this general area also.
Area appears less cultivated and pugged from stock also
Seedlings show good groth in this general location",{1072703E-37F7-431C-AC96-162C8403DAAF},12/03/2025 0:00:00, ,12/03/2025 0:00:00, ,0.000000000000000,50
{0341C498-568F-4787-84B3-9973ABBA179C},30.000000000000000, ,41.000000000000000,2.000000000000000,7.000000000000000, ,{1F7BB9D5-CA08-4561-881B-8C49CC7F46B6},12/03/2025 0:00:00, ,12/03/2025 0:00:00, ,0.000000000000000,50
{5903AE36-1D64-4D93-9A6E-E6D17550D15A},31.000000000000000, ,39.000000000000000,5.000000000000000,6.000000000000000, ,{BB186189-1615-4751-977E-412D504E7A09},12/03/2025 0:00:00, ,12/03/2025 0:00:00, ,0.000000000000000,50
{A8376A75-D3D8-4470-A6FC-EF86E009EDCA},27.000000000000000, ,41.000000000000000,5.000000000000000,4.000000000000000, ,{70774D5E-26EA-4681-A8F9-A3A94B8707C8},12/03/2025 0:00:00, ,12/03/2025 0:00:00, ,0.000000000000000,50
{E0632F28-B8AC-4997-A27D-52D69DCFFCA6},20.000000000000000, ,35.000000000000000,4.000000000000000,11.000000000000000,"Some signs that pests have been eating some trees in this location, not fresh damage tho",{FD2215DB-D3DC-44AF-B7AE-5C4D49AA03E5},12/03/2025 0:00:00, ,12/03/2025 0:00:00, ,0.000000000000000,50
{127D8D5C-7B70-484E-97E5-2C1BE299B6BB},18.000000000000000, ,38.000000000000000,4.000000000000000,6.000000000000000,Dead trees in area due to long grass smothering and rocky north faceing slope.,{2CB9C9E9-5B34-43A9-B382-6DA042640583},12/03/2025 0:00:00, ,12/03/2025 0:00:00, ,2.000000000000000,50
{2F7A6938-8C4E-4471-A2EF-F311D23DE847},19.000000000000000, ,33.000000000000000,10.000000000000000,7.000000000000000,Generally good,{BAF04577-4785-4D41-BFD8-C13103B10DF2},12/03/2025 0:00:00, ,12/03/2025 0:00:00, ,0.000000000000000,50
{743EE2F9-19EC-4EA6-85E1-0354EC266B4F},21.000000000000000, ,41.000000000000000,7.000000000000000,1.000000000000000,High survival. Long grass up top will smother trees eventually,{1271286A-F839-44C4-9704-E501D42FC0D9},12/03/2025 0:00:00, ,12/03/2025 0:00:00, ,1.000000000000000,50
{C1F8BB33-55FF-48CA-9170-D486D7678E21},22.000000000000000, ,39.000000000000000,8.000000000000000,2.000000000000000,Trees look generally good on this face,{2FA18A5F-0F7F-4B58-9B7D-2AF34415D80F},12/03/2025 0:00:00, ,12/03/2025 0:00:00, ,1.000000000000000,50
{6CF4860F-FB55-4677-B049-F5076998F64E},12.000000000000000, ,40.000000000000000,6.000000000000000,3.000000000000000, ,{EEEC3B15-FA76-4536-9829-9A201CADEEA5},12/03/2025 0:00:00, ,12/03/2025 0:00:00, ,1.000000000000000,50
{38C1BE46-0B4F-4CB9-82DB-0F3DD10254F7},13.000000000000000, ,29.000000000000000,8.000000000000000,11.000000000000000,Ground looks quite dry,{BE50BDE8-3487-45C8-9DD4-91D5826A1FAD},12/03/2025 0:00:00, ,12/03/2025 0:00:00, ,2.000000000000000,50
{4DD417FE-5D4C-4553-ADBF-5E6606E8823E},65.000000000000000, ,26.000000000000000,9.000000000000000,11.000000000000000,Long grass has flattened most of a row after spray in this area,{952A188D-A0A3-48E5-9FBA-3628CF7E4B64},13/03/2025 0:00:00, ,13/03/2025 0:00:00, ,4.000000000000000,50
{B8168B77-DDC8-4DEA-B6AA-9C369ADF2272},58.000000000000000, ,25.000000000000000,11.000000000000000,6.000000000000000,"4 sheep seen in block, tom has been made aware of this. Alot of trees show signs of grazing and a number missing. Long grass when sprayed has flattened some seedlings also",{03D93473-9B41-44BD-888C-02450810DCB2},13/03/2025 0:00:00, ,13/03/2025 0:00:00, ,8.000000000000000,50
{905712A6-B452-470B-9D78-AD846E324777},52.000000000000000, ,45.000000000000000,0.000000000000000,4.000000000000000,Signs of sheep grazing on seedling tips in this area.,{03D93473-9B41-44BD-888C-02450810DCB2},13/03/2025 0:00:00, ,13/03/2025 0:00:00, ,1.000000000000000,50
{CD2927F7-E247-425A-B139-C9B4B8B274D4},17.000000000000000, ,33.000000000000000,9.000000000000000,7.000000000000000,High number stressed or dead as ground north faceing and very boney on front face.,{07D0B83E-073F-41F3-AE99-E893F3DCD38C},13/03/2025 0:00:00, ,13/03/2025 0:00:00, ,1.000000000000000,50
{C84E34D4-E10A-4BA9-BB1F-F61EFD346582},60.000000000000000, ,36.000000000000000,9.000000000000000,5.000000000000000,Generally good,{A0E46962-FF96-4D10-BBEC-BB3B4AF8761D},13/03/2025 0:00:00, ,13/03/2025 0:00:00, ,0.000000000000000,50
{3F0EA720-3489-421E-837F-50EB73076A2C},54.000000000000000, ,33.000000000000000,7.000000000000000,10.000000000000000,A bit more mortality along the top of this area,{A0E46962-FF96-4D10-BBEC-BB3B4AF8761D},13/03/2025 0:00:00, ,13/03/2025 0:00:00, ,0.000000000000000,50
{F5DA0056-3DE0-4AB6-955E-2FEF6E43321C},53.000000000000000, ,43.000000000000000,5.000000000000000,1.000000000000000,Generally good out this end,{A0E46962-FF96-4D10-BBEC-BB3B4AF8761D},13/03/2025 0:00:00, ,13/03/2025 0:00:00, ,1.000000000000000,50
{F351B4DA-C641-477C-929E-CD45A4D35E58},59.000000000000000, ,44.000000000000000,6.000000000000000,0.000000000000000,Very healthy trees here,{A0E46962-FF96-4D10-BBEC-BB3B4AF8761D},13/03/2025 0:00:00, ,13/03/2025 0:00:00, ,0.000000000000000,50
{DA7F30C1-B734-4BA2-AAB5-9C00DC579E8C},66.000000000000000, ,28.000000000000000,10.000000000000000,5.000000000000000,Grass has smothered trees on this side of the face. A few missing,{A0E46962-FF96-4D10-BBEC-BB3B4AF8761D},13/03/2025 0:00:00, ,13/03/2025 0:00:00, ,7.000000000000000,50
{5F3DC44C-413E-4079-961D-EDD6E839B256},62.000000000000000, ,40.000000000000000,7.000000000000000,3.000000000000000,This side of the face looks healthy,{A0E46962-FF96-4D10-BBEC-BB3B4AF8761D},13/03/2025 0:00:00, ,13/03/2025 0:00:00, ,0.000000000000000,50
{0FABCB79-091E-4D98-ACF5-BBB426634435},55.000000000000000, ,34.000000000000000,7.000000000000000,7.000000000000000,Grass is getting away up top of this side,{A0E46962-FF96-4D10-BBEC-BB3B4AF8761D},13/03/2025 0:00:00, ,13/03/2025 0:00:00, ,2.000000000000000,50
{3CD2C025-78F9-4E77-8E31-4BAF6A3C9C32},50.000000000000000, ,37.000000000000000,6.000000000000000,7.000000000000000, ,{A0E46962-FF96-4D10-BBEC-BB3B4AF8761D},13/03/2025 0:00:00, ,13/03/2025 0:00:00, ,0.000000000000000,50
{F2FCBC2C-3113-4304-8D0B-D48950514A01},46.000000000000000, ,31.000000000000000,8.000000000000000,8.000000000000000,Long grass smothering trees this side of the gully,{A0E46962-FF96-4D10-BBEC-BB3B4AF8761D},13/03/2025 0:00:00, ,13/03/2025 0:00:00, ,3.000000000000000,50
{C8043ACF-987A-4766-8D2D-D8F0C017E517},42.000000000000000, ,18.000000000000000,7.000000000000000,22.000000000000000,The top is quite dead. Very dry up there,{A0E46962-FF96-4D10-BBEC-BB3B4AF8761D},13/03/2025 0:00:00, ,13/03/2025 0:00:00, ,3.000000000000000,50
{B9CE322F-DE81-4640-913A-87D307BFD934},42.100000000000001, ,21.000000000000000,0.000000000000000,28.000000000000000,Area doesnt look too good so extra plot needed,{A0E46962-FF96-4D10-BBEC-BB3B4AF8761D},13/03/2025 0:00:00, ,13/03/2025 0:00:00, ,1.000000000000000,50
{1846143B-AE88-438E-BA9A-E7732D67573A},40.000000000000000, ,26.000000000000000,8.000000000000000,16.000000000000000,A bit rocky here,{A0E46962-FF96-4D10-BBEC-BB3B4AF8761D},13/03/2025 0:00:00, ,13/03/2025 0:00:00, ,0.000000000000000,50
{63E23841-9A01-4C3F-8D96-B037020B4B80},41.000000000000000, ,26.000000000000000,9.000000000000000,15.000000000000000,This whole end will need blanked,{A0E46962-FF96-4D10-BBEC-BB3B4AF8761D},13/03/2025 0:00:00, ,13/03/2025 0:00:00, ,0.000000000000000,50
{F6FBCB00-FB6E-40A0-97B0-25605D2B7CDF},47.000000000000000, ,19.000000000000000,10.000000000000000,14.000000000000000,Some land slips here,{72463100-C2BA-43F8-82C9-63DC307B52EF},13/03/2025 0:00:00, ,13/03/2025 0:00:00, ,7.000000000000000,50
{7561BBCD-D45F-45AC-A3D9-95BF37A017AF},43.000000000000000, ,21.000000000000000,8.000000000000000,21.000000000000000,Tophalf looks to be particularly struggling. Grass getting up and dry ground look to be factors,{72463100-C2BA-43F8-82C9-63DC307B52EF},13/03/2025 0:00:00, ,13/03/2025 0:00:00, ,0.000000000000000,50
{617A5116-3DDD-4E08-95A5-D78046497E77},44.000000000000000, ,24.000000000000000,8.000000000000000,15.000000000000000,Long grass and dry ground look to have stunted/killed a lot of trees,{72463100-C2BA-43F8-82C9-63DC307B52EF},13/03/2025 0:00:00, ,13/03/2025 0:00:00, ,3.000000000000000,50
{4A594AD7-DA6E-4F1D-A153-DFA87E8EEAD2},45.000000000000000, ,40.000000000000000,6.000000000000000,4.000000000000000,Trees getting up better along the bottom third of the face,{72463100-C2BA-43F8-82C9-63DC307B52EF},13/03/2025 0:00:00, ,13/03/2025 0:00:00, ,0.000000000000000,50
{04FA134C-0C9D-4C64-AC13-EF369E22E5DB},48.000000000000000, ,16.000000000000000,9.000000000000000,22.000000000000000,"Again, long grass smothering out trees up top",{72463100-C2BA-43F8-82C9-63DC307B52EF},13/03/2025 0:00:00, ,13/03/2025 0:00:00, ,3.000000000000000,50
{9FAAA519-9A48-4CC0-9356-ECB79EC1C209},49.000000000000000, ,22.000000000000000,11.000000000000000,14.000000000000000,Trees going good in short grass. Long grass area have smothered trees,{72463100-C2BA-43F8-82C9-63DC307B52EF},13/03/2025 0:00:00, ,13/03/2025 0:00:00, ,3.000000000000000,50
{49CBCCBE-DF0A-4176-937B-F15C25D330BB},51.000000000000000, ,31.000000000000000,11.000000000000000,8.000000000000000,Survival looks better in the gullys,{72463100-C2BA-43F8-82C9-63DC307B52EF},13/03/2025 0:00:00, ,13/03/2025 0:00:00, ,0.000000000000000,50
{DA7E0206-F1E8-417C-B8D4-B5FA9CD6190A},57.000000000000000, ,35.000000000000000,9.000000000000000,5.000000000000000,This gully with shorter grass going well,{72463100-C2BA-43F8-82C9-63DC307B52EF},13/03/2025 0:00:00, ,13/03/2025 0:00:00, ,1.000000000000000,50
{921EDA34-71C8-45E4-B931-CF97A745FB96},61.000000000000000, ,36.000000000000000,10.000000000000000,4.000000000000000,"Again, trees going well in short grass",{72463100-C2BA-43F8-82C9-63DC307B52EF},13/03/2025 0:00:00, ,13/03/2025 0:00:00, ,0.000000000000000,50
{5FBC76FF-159C-41FD-B828-667068334DEF},56.000000000000000, ,37.000000000000000,8.000000000000000,3.000000000000000,Trees getting up well in the gullys,{72463100-C2BA-43F8-82C9-63DC307B52EF},13/03/2025 0:00:00, ,13/03/2025 0:00:00, ,2.000000000000000,50
{9576F31C-F10A-4193-BDC7-870830FCF61E},64.000000000000000, ,40.000000000000000,5.000000000000000,4.000000000000000,"Historic geazing on a couple in plot area, otherwise doing well",{04413A9C-6E5B-420E-A443-588FB302760C},13/03/2025 0:00:00, ,13/03/2025 0:00:00, ,1.000000000000000,50
{F4F4863C-1536-4A6D-9F2A-FA91947B6C84},63.000000000000000, ,34.000000000000000,1.000000000000000,4.000000000000000,Seedling doing well in this area,{04413A9C-6E5B-420E-A443-588FB302760C},13/03/2025 0:00:00, ,13/03/2025 0:00:00, ,1.000000000000000,40
{10579677-A750-4C37-889A-D6A6387463C8},89.000000000000000, ,40.000000000000000,8.000000000000000,1.000000000000000,Pugged soil,{04B873BF-EF4A-476C-A135-7F992512244C},18/03/2025 0:00:00, ,18/03/2025 0:00:00, ,1.000000000000000,50
{89B2DA87-785F-4E29-88C9-A40D80D9876E},90.000000000000000, ,32.000000000000000,16.000000000000000,2.000000000000000, ,{04B873BF-EF4A-476C-A135-7F992512244C},18/03/2025 0:00:00, ,18/03/2025 0:00:00, ,0.000000000000000,50
{34442480-C2FA-43AB-80E4-844FA04E8283},91.000000000000000, ,41.000000000000000,5.000000000000000,4.000000000000000,"Soil less pugged here, borders gully",{04B873BF-EF4A-476C-A135-7F992512244C},18/03/2025 0:00:00, ,18/03/2025 0:00:00, ,0.000000000000000,50
{BB751AAA-8A4A-4888-9762-138F1454C5B3},92.000000000000000, ,41.000000000000000,3.000000000000000,6.000000000000000, ,{04B873BF-EF4A-476C-A135-7F992512244C},18/03/2025 0:00:00, ,18/03/2025 0:00:00, ,0.000000000000000,50
{6FB70FA1-F74D-4711-A7E2-E98C4D323BB6},93.000000000000000, ,43.000000000000000,4.000000000000000,2.000000000000000,"Wet underfoot, near gully",{04B873BF-EF4A-476C-A135-7F992512244C},18/03/2025 0:00:00, ,18/03/2025 0:00:00, ,1.000000000000000,50
{990DF97A-1480-4457-BAFB-58CED53ACE57},94.000000000000000, ,30.000000000000000,9.000000000000000,11.000000000000000,Lots of dead trees in this area,{04B873BF-EF4A-476C-A135-7F992512244C},18/03/2025 0:00:00, ,18/03/2025 0:00:00, ,0.000000000000000,50
{04EFC24A-F7C0-49B3-91C2-EE7A19A9EC7C},95.000000000000000, ,25.000000000000000,16.000000000000000,9.000000000000000,Trees struggling in this area overall,{04B873BF-EF4A-476C-A135-7F992512244C},18/03/2025 0:00:00, ,18/03/2025 0:00:00, ,0.000000000000000,50
{90E78D58-2536-46C6-BC6D-4BFBBA00B921},101.000000000000000, ,47.000000000000000,2.000000000000000,1.000000000000000,"Less pugged soil, grwat looking trees",{04B873BF-EF4A-476C-A135-7F992512244C},18/03/2025 0:00:00, ,18/03/2025 0:00:00, ,0.000000000000000,50
{0FFF45C2-7C37-4297-8E38-D95EEEE7126E},107.000000000000000, ,48.000000000000000,2.000000000000000,0.000000000000000,Another good plot of treea,{04B873BF-EF4A-476C-A135-7F992512244C},18/03/2025 0:00:00, ,18/03/2025 0:00:00, ,0.000000000000000,50
{5453828D-3DD9-4755-9935-211281754028},106.000000000000000, ,42.000000000000000,6.000000000000000,0.000000000000000, ,{04B873BF-EF4A-476C-A135-7F992512244C},18/03/2025 0:00:00, ,18/03/2025 0:00:00, ,2.000000000000000,50
{E9D4C65C-64B1-4B5C-A70F-B2E9ED1D933F},100.000000000000000, ,38.000000000000000,9.000000000000000,1.000000000000000,Moved plot to nearest planted trees as plot location was in wetland/gully with no trees planted there,{04B873BF-EF4A-476C-A135-7F992512244C},18/03/2025 0:00:00, ,18/03/2025 0:00:00, ,2.000000000000000,50
{4F4D4206-25A3-43C9-BE67-882177DCC344},99.000000000000000, ,44.000000000000000,1.000000000000000,4.000000000000000, ,{04B873BF-EF4A-476C-A135-7F992512244C},18/03/2025 0:00:00, ,18/03/2025 0:00:00, ,1.000000000000000,50
{E65E32D3-EB6C-47B4-AEAA-1378B7703A22},98.000000000000000, ,40.000000000000000,5.000000000000000,5.000000000000000, ,{04B873BF-EF4A-476C-A135-7F992512244C},18/03/2025 0:00:00, ,18/03/2025 0:00:00, ,0.000000000000000,50
{9B3D46BF-7D41-4269-AC14-584837EC20AF},97.000000000000000, ,46.000000000000000,1.000000000000000,1.000000000000000, ,{04B873BF-EF4A-476C-A135-7F992512244C},18/03/2025 0:00:00, ,18/03/2025 0:00:00, ,2.000000000000000,50
{44EE46E4-002B-427B-B7F6-159B802A79E8},96.000000000000000, ,46.000000000000000,0.000000000000000,2.000000000000000, ,{04B873BF-EF4A-476C-A135-7F992512244C},18/03/2025 0:00:00, ,18/03/2025 0:00:00, ,2.000000000000000,50
{4E269192-1E1E-4842-9A45-DE2786F8B5ED},103.000000000000000, ,44.000000000000000,4.000000000000000,2.000000000000000, ,{04B873BF-EF4A-476C-A135-7F992512244C},18/03/2025 0:00:00, ,18/03/2025 0:00:00, ,0.000000000000000,50
{333FCCF7-C05A-4F2A-B2C6-0252BA3F8921},104.000000000000000, ,46.000000000000000,0.000000000000000,0.000000000000000,Long grass ~600mm,{04B873BF-EF4A-476C-A135-7F992512244C},18/03/2025 0:00:00, ,18/03/2025 0:00:00, ,4.000000000000000,50
{FF12683E-612C-4F11-AB77-09AC3E3A325B},105.000000000000000, ,46.000000000000000,2.000000000000000,0.000000000000000, ,{04B873BF-EF4A-476C-A135-7F992512244C},18/03/2025 0:00:00, ,18/03/2025 0:00:00, ,2.000000000000000,50
{D0E2C44E-9396-4938-9790-C38F6A38767C},102.000000000000000, ,50.000000000000000,1.000000000000000,0.000000000000000,"Grwat looking trees, very little stress seen",{04B873BF-EF4A-476C-A135-7F992512244C},18/03/2025 0:00:00, ,18/03/2025 0:00:00, ,0.000000000000000,51
{E3394860-3CF9-4FBA-8D11-ADC9F7552C74},120.000000000000000, ,47.000000000000000,3.000000000000000,0.000000000000000,Boundary differs below plot,{1E42851E-59CF-4465-A2E6-DC50988DDAC5},18/03/2025 0:00:00, ,18/03/2025 0:00:00, ,0.000000000000000,50
{AAFF4090-8232-4942-9D8D-A5BE6AAA4F72},121.000000000000000, ,39.000000000000000,6.000000000000000,5.000000000000000, ,{1E42851E-59CF-4465-A2E6-DC50988DDAC5},18/03/2025 0:00:00, ,18/03/2025 0:00:00, ,0.000000000000000,50
{8C7C7D7E-0767-4924-A4BE-E644107CC825},113.000000000000000, ,47.000000000000000,3.000000000000000,0.000000000000000,Alot of fresh animal tracks in this area,{1E42851E-59CF-4465-A2E6-DC50988DDAC5},18/03/2025 0:00:00, ,18/03/2025 0:00:00, ,0.000000000000000,50
{A1FF387D-2FF4-4D6D-AC31-7A9AF568DC08},114.000000000000000, ,46.000000000000000,3.000000000000000,1.000000000000000, ,{1E42851E-59CF-4465-A2E6-DC50988DDAC5},18/03/2025 0:00:00, ,18/03/2025 0:00:00, ,0.000000000000000,50
{AC30F8E4-3BBB-4828-954E-6E161115CDEC},115.000000000000000, ,48.000000000000000,0.000000000000000,0.000000000000000, ,{1E42851E-59CF-4465-A2E6-DC50988DDAC5},18/03/2025 0:00:00, ,18/03/2025 0:00:00, ,2.000000000000000,50
{C48AE01B-3766-435A-A096-1F40CC1D57DB},116.000000000000000, ,40.000000000000000,2.000000000000000,8.000000000000000,Some grazing on seedlings in this area,{1E42851E-59CF-4465-A2E6-DC50988DDAC5},18/03/2025 0:00:00, ,18/03/2025 0:00:00, ,0.000000000000000,50
{5DD5D902-DE7C-497B-BC38-FE0F37D299C2},122.000000000000000, ,48.000000000000000,0.000000000000000,1.000000000000000,Some grazing in this area,{1E42851E-59CF-4465-A2E6-DC50988DDAC5},18/03/2025 0:00:00, ,18/03/2025 0:00:00, ,1.000000000000000,50
{7EFF7ECE-8D82-415B-8EE6-6D2843028113},123.000000000000000, ,48.000000000000000,1.000000000000000,0.000000000000000, ,{1E42851E-59CF-4465-A2E6-DC50988DDAC5},18/03/2025 0:00:00, ,18/03/2025 0:00:00, ,1.000000000000000,50
{AD9D43E2-F674-45FB-8DD5-C0350B5B0E7A},124.000000000000000, ,47.000000000000000,1.000000000000000,2.000000000000000,Stock grazing consistant through this area,{1E42851E-59CF-4465-A2E6-DC50988DDAC5},18/03/2025 0:00:00, ,18/03/2025 0:00:00, ,0.000000000000000,50
{7D7F9954-5C8B-46CC-A7FD-04F26CE414E1},119.000000000000000, ,48.000000000000000,2.000000000000000,0.000000000000000,Crew have done well spot planting amongst scrub. Trees doing well despite signs of grazing,{1E42851E-59CF-4465-A2E6-DC50988DDAC5},18/03/2025 0:00:00, ,18/03/2025 0:00:00, ,0.000000000000000,50
{91D4CAD4-AB27-4E81-8036-0917A3254D05},118.000000000000000, ,43.000000000000000,5.000000000000000,1.000000000000000, ,{1E42851E-59CF-4465-A2E6-DC50988DDAC5},18/03/2025 0:00:00, ,18/03/2025 0:00:00, ,1.000000000000000,50
{1C1FBD94-1412-4A9D-89E6-A64B5032F43D},117.000000000000000, ,39.000000000000000,9.000000000000000,1.000000000000000,Hi number stressed due to anount of grazing,{1E42851E-59CF-4465-A2E6-DC50988DDAC5},18/03/2025 0:00:00, ,18/03/2025 0:00:00, ,1.000000000000000,50
{D773A4EE-69CC-4B89-A525-1F3C2DC49940},112.000000000000000, ,44.000000000000000,1.000000000000000,2.000000000000000,Long grass has smothed some in this area,{1E42851E-59CF-4465-A2E6-DC50988DDAC5},18/03/2025 0:00:00, ,18/03/2025 0:00:00, ,3.000000000000000,50
{B0637F2A-6478-41B4-8AC7-6C3802813F0E},111.000000000000000, ,47.000000000000000,0.000000000000000,0.000000000000000, ,{1E42851E-59CF-4465-A2E6-DC50988DDAC5},18/03/2025 0:00:00, ,18/03/2025 0:00:00, ,3.000000000000000,50
{70DCB2B4-0994-418B-9C0C-1155579EE4AA},110.000000000000000, ,47.000000000000000,2.000000000000000,0.000000000000000, ,{1E42851E-59CF-4465-A2E6-DC50988DDAC5},18/03/2025 0:00:00, ,18/03/2025 0:00:00, ,1.000000000000000,50
{FECF4162-42F3-4060-9123-E43AE69C712A},109.000000000000000, ,48.000000000000000,0.000000000000000,1.000000000000000, ,{1E42851E-59CF-4465-A2E6-DC50988DDAC5},18/03/2025 0:00:00, ,18/03/2025 0:00:00, ,1.000000000000000,50
{08B65312-AEB6-4D85-9BE4-C09718D3DBC8},108.000000000000000, ,48.000000000000000,1.000000000000000,1.000000000000000, ,{1E42851E-59CF-4465-A2E6-DC50988DDAC5},18/03/2025 0:00:00, ,18/03/2025 0:00:00, ,0.000000000000000,50
{0F102A45-A9AE-4FDC-93A6-703C7D10031A},152.000000000000000, ,47.000000000000000,1.000000000000000,1.000000000000000,"Some quite rocky areas, alot of spot planting done well which has survived",{22743535-C49D-4D20-96E3-C394BA2F19DF},18/03/2025 0:00:00, ,18/03/2025 0:00:00, ,1.000000000000000,50
{B27E846D-E5E5-4693-A4BD-87CD622A02AD},151.000000000000000, ,40.000000000000000,5.000000000000000,3.000000000000000,"Saw hare in field, rocky ground",{22743535-C49D-4D20-96E3-C394BA2F19DF},18/03/2025 0:00:00, ,18/03/2025 0:00:00, ,2.000000000000000,50
{724AD0A0-019B-4795-AC22-23C73FCC3161},150.000000000000000, ,43.000000000000000,1.000000000000000,2.000000000000000, ,{22743535-C49D-4D20-96E3-C394BA2F19DF},18/03/2025 0:00:00, ,18/03/2025 0:00:00, ,4.000000000000000,50
{E43F140C-36BB-4788-AD22-BCF1A0DD230C},149.000000000000000, ,36.000000000000000,6.000000000000000,6.000000000000000,"Lots of dead trees, poor survival here. Between two creeks/gullies so may have had wet feet",{22743535-C49D-4D20-96E3-C394BA2F19DF},18/03/2025 0:00:00, ,18/03/2025 0:00:00, ,2.000000000000000,50
{17583319-D0F4-492F-AA2E-9492277880C8},147.000000000000000, ,44.000000000000000,1.000000000000000,3.000000000000000,Noticed some fresh pig rooting on walk to plot,{D38337E9-95B7-4CF2-B1B3-252637E80E41},18/03/2025 0:00:00, ,18/03/2025 0:00:00, ,1.000000000000000,49
{58F9D77A-A64A-4B66-8070-E1FD3F88207F},146.000000000000000, ,33.000000000000000,6.000000000000000,11.000000000000000,"Plot moved due to waterway.
Patchy survival due to wet area around plot",{D38337E9-95B7-4CF2-B1B3-252637E80E41},18/03/2025 0:00:00, ,18/03/2025 0:00:00, ,0.000000000000000,50
{6E83078F-6B61-4D4A-8C2A-EE805AAA854F},145.000000000000000, ,39.000000000000000,6.000000000000000,4.000000000000000,Alot of grazing on seedlings in this area,{D38337E9-95B7-4CF2-B1B3-252637E80E41},18/03/2025 0:00:00, ,18/03/2025 0:00:00, ,1.000000000000000,50
{933EDAFD-9612-4592-A2C2-FE3AD06BF716},148.000000000000000, ,33.000000000000000,7.000000000000000,7.000000000000000,A number dead or stressed in this area due to pest grazing and boney/rocky terrain,{D38337E9-95B7-4CF2-B1B3-252637E80E41},18/03/2025 0:00:00, ,18/03/2025 0:00:00, ,3.000000000000000,50
{2B4123CF-0E95-47FA-B8B0-19B37D7CE932},126.000000000000000, ,43.000000000000000,4.000000000000000,1.000000000000000,"Some grazing in plot area, 2 trees pulled by pests. Otherwise doing well in this area",{6D856FAD-D080-469E-9903-DB11803A73B0},18/03/2025 0:00:00, ,18/03/2025 0:00:00, ,2.000000000000000,50
{ABAB59B7-9011-4C4C-85FA-1EF8A24B48CD},125.000000000000000, ,45.000000000000000,3.000000000000000,1.000000000000000,Some grazing in area,{6D856FAD-D080-469E-9903-DB11803A73B0},18/03/2025 0:00:00, ,18/03/2025 0:00:00, ,1.000000000000000,50
{8F8C2C1F-41CF-460C-AB7D-9CB7363407EE},129.000000000000000, ,39.000000000000000,2.000000000000000,5.000000000000000,Pest and long grass have given trees a hard time in this area. Crew have done well spot planting on rocks face on edge of plot area,{6D856FAD-D080-469E-9903-DB11803A73B0},18/03/2025 0:00:00, ,18/03/2025 0:00:00, ,4.000000000000000,50
{F0372355-6DB9-46DF-AB7C-20A041F7BFD0},133.000000000000000, ,47.000000000000000,1.000000000000000,0.000000000000000,"As per photos, alot of Deere/pig sign in this area. Trees doing well considering",{6D856FAD-D080-469E-9903-DB11803A73B0},18/03/2025 0:00:00, ,18/03/2025 0:00:00, ,2.000000000000000,50
{656ECF4E-DF4B-42FF-BF92-FAE809C78C3C},128.000000000000000, ,49.000000000000000,1.000000000000000,0.000000000000000,"Trees doing well in this area, very little pest grazing in this area",{6D856FAD-D080-469E-9903-DB11803A73B0},18/03/2025 0:00:00, ,18/03/2025 0:00:00, ,0.000000000000000,50
{A5EB4633-E90C-4355-902A-7BC12E0EDED2},138.000000000000000, ,43.000000000000000,2.000000000000000,0.000000000000000,Number missing due to high Deer sign in this area,{6D856FAD-D080-469E-9903-DB11803A73B0},18/03/2025 0:00:00, ,18/03/2025 0:00:00, ,5.000000000000000,50
{32022F60-8C6E-4456-BFD1-A4B7B29AD0CE},137.000000000000000, ,44.000000000000000,1.000000000000000,2.000000000000000,"High amount of animal activity in this area, approx half trees in this area show signs of grazing",{6D856FAD-D080-469E-9903-DB11803A73B0},18/03/2025 0:00:00, ,18/03/2025 0:00:00, ,3.000000000000000,50
{0CACABE6-E459-41CC-A3B7-640A313736C7},142.000000000000000, ,44.000000000000000,1.000000000000000,1.000000000000000,Number of missing trees in surrounding area also due to animals,{6D856FAD-D080-469E-9903-DB11803A73B0},18/03/2025 0:00:00, ,18/03/2025 0:00:00, ,4.000000000000000,50
{5E1B7E18-0F07-409A-AAE3-492464FCC8ED},141.000000000000000, ,44.000000000000000,0.000000000000000,2.000000000000000,Animal tracks through out this area,{6D856FAD-D080-469E-9903-DB11803A73B0},18/03/2025 0:00:00, ,18/03/2025 0:00:00, ,4.000000000000000,50
{CD635B54-A1AA-4E09-8ACA-A72C06C9005C},140.000000000000000, ,41.000000000000000,7.000000000000000,2.000000000000000, ,{6D856FAD-D080-469E-9903-DB11803A73B0},18/03/2025 0:00:00, ,18/03/2025 0:00:00, ,0.000000000000000,50
{4A5F1616-C211-4EAB-9A55-EA6B904B76D2},143.000000000000000, ,43.000000000000000,2.000000000000000,5.000000000000000,Small amount of animal sign in this plot area,{6D856FAD-D080-469E-9903-DB11803A73B0},18/03/2025 0:00:00, ,18/03/2025 0:00:00, ,0.000000000000000,50
{A084F543-2C8B-4BE4-9DD0-D9DBCB2B0796},144.000000000000000, ,39.000000000000000,5.000000000000000,5.000000000000000,High number grazed in this area,{6D856FAD-D080-469E-9903-DB11803A73B0},18/03/2025 0:00:00, ,18/03/2025 0:00:00, ,1.000000000000000,50
{14560CAF-FC74-48C3-A6EE-7F3B22D6EC75},139.000000000000000, ,44.000000000000000,1.000000000000000,0.000000000000000,Crew have spot planted through fern and matagari. Hard to find trees as spray hasnt held as well and ferns still green in this area. Some grazing on trees within plot,{FFA1EFB9-5408-472E-851A-E14740E925CA},19/03/2025 0:00:00, ,19/03/2025 0:00:00, ,5.000000000000000,50
{80B8351A-1BD8-47E9-8557-427F865A5997},136.000000000000000, ,42.000000000000000,6.000000000000000,1.000000000000000, ,{FFA1EFB9-5408-472E-851A-E14740E925CA},19/03/2025 0:00:00, ,19/03/2025 0:00:00, ,1.000000000000000,50
{865702DD-AF37-4F93-99B5-CEAB0DD3C19C},132.000000000000000, ,42.000000000000000,3.000000000000000,4.000000000000000,Due to rocky ground small number of seedling have died in this area. Some grazing seen within plot also,{FFA1EFB9-5408-472E-851A-E14740E925CA},19/03/2025 0:00:00, ,19/03/2025 0:00:00, ,1.000000000000000,50
{E90C4F19-041E-4318-A2DA-AA288A85A3EF},131.000000000000000, ,40.000000000000000,5.000000000000000,4.000000000000000,Some gaps in plot area due to areas of rock,{FFA1EFB9-5408-472E-851A-E14740E925CA},19/03/2025 0:00:00, ,19/03/2025 0:00:00, ,1.000000000000000,50
{5F9A708E-C3FC-44E3-9CD5-F6FADA8E2BC7},127.000000000000000, ,37.000000000000000,2.000000000000000,9.000000000000000,Very stoney ground in this plot area,{FFA1EFB9-5408-472E-851A-E14740E925CA},19/03/2025 0:00:00, ,19/03/2025 0:00:00, ,2.000000000000000,50
{0721B1A5-6F5E-44D5-B691-0F81C5D11D1C},130.000000000000000, ,40.000000000000000,1.000000000000000,9.000000000000000,"6 trees dead in 1 line, all others doing well with minimal grazing in this area",{FFA1EFB9-5408-472E-851A-E14740E925CA},19/03/2025 0:00:00, ,19/03/2025 0:00:00, ,0.000000000000000,50
{CDF9B07C-3CB7-4777-B2A3-A39321820117},134.000000000000000, ,38.000000000000000,6.000000000000000,6.000000000000000,Trees showing minimal growth in this plot area,{FFA1EFB9-5408-472E-851A-E14740E925CA},19/03/2025 0:00:00, ,19/03/2025 0:00:00, ,0.000000000000000,50
{0B281B51-C39F-4E25-A918-328D679B3917},135.000000000000000, ,38.000000000000000,6.000000000000000,6.000000000000000, ,{FFA1EFB9-5408-472E-851A-E14740E925CA},19/03/2025 0:00:00, ,19/03/2025 0:00:00, ,0.000000000000000,50
{B7A9718B-D3AE-4691-8F8C-BBCDB10AB267},174.000000000000000, ,39.000000000000000,5.000000000000000,6.000000000000000, ,{5C20545C-1880-4F96-BC16-C0904F6E3D3F},7/05/2025 0:00:00, ,7/05/2025 0:00:00, ,0.000000000000000,50
{485E27DD-D3F5-4630-8301-CD2C8F94C5B0},171.000000000000000, ,42.000000000000000,0.000000000000000,8.000000000000000,"Area looks generally good, just the odd dead tree in Matagouri area",{5C20545C-1880-4F96-BC16-C0904F6E3D3F},7/05/2025 0:00:00, ,7/05/2025 0:00:00, ,0.000000000000000,50
{1C586A0A-8D39-4069-A974-51F313137008},172.000000000000000, ,33.000000000000000,7.000000000000000,10.000000000000000,More stressed/mortality scattered across this face,{5C20545C-1880-4F96-BC16-C0904F6E3D3F},7/05/2025 0:00:00, ,7/05/2025 0:00:00, ,0.000000000000000,50
{56C010F6-FC24-4827-BC03-BC5C011AF83F},173.000000000000000, ,43.000000000000000,3.000000000000000,4.000000000000000,This side very healthy,{5C20545C-1880-4F96-BC16-C0904F6E3D3F},7/05/2025 0:00:00, ,7/05/2025 0:00:00, ,0.000000000000000,50
{FD0B7FD4-E079-425D-A286-4DA07986E32A},212.000000000000000, ,39.000000000000000,4.000000000000000,7.000000000000000,Looks ok in general,{5C20545C-1880-4F96-BC16-C0904F6E3D3F},7/05/2025 0:00:00, ,7/05/2025 0:00:00, ,0.000000000000000,50
{216E209E-FA9D-4128-A56E-F0B5E10017DC},211.000000000000000, ,35.000000000000000,4.000000000000000,11.000000000000000,Plot near large pond. Small patches of dead trees,{5C20545C-1880-4F96-BC16-C0904F6E3D3F},7/05/2025 0:00:00, ,7/05/2025 0:00:00, ,0.000000000000000,50
{C3312178-1BAD-4282-9A5C-CEC8372D75D9},207.000000000000000, ,43.000000000000000,3.000000000000000,4.000000000000000,Bottom flat area is wetland. General area is very healthy,{5C20545C-1880-4F96-BC16-C0904F6E3D3F},7/05/2025 0:00:00, ,7/05/2025 0:00:00, ,0.000000000000000,50
{966BACDF-845F-445F-BBC1-10EBB6FD9B88},209.000000000000000, ,41.000000000000000,4.000000000000000,5.000000000000000,Area quite healthy with the odd nibbled tree,{5C20545C-1880-4F96-BC16-C0904F6E3D3F},7/05/2025 0:00:00, ,7/05/2025 0:00:00, ,0.000000000000000,50
{9116CC08-FF1D-40F2-ABE6-673157DD25B7},208.000000000000000, ,32.000000000000000,8.000000000000000,10.000000000000000,Mostly alive with more of a mix of stressed and dead on this face,{5C20545C-1880-4F96-BC16-C0904F6E3D3F},7/05/2025 0:00:00, ,7/05/2025 0:00:00, ,0.000000000000000,50
{9989D87B-1E69-44CD-8556-4E950DB08C76},210.000000000000000, ,30.000000000000000,6.000000000000000,10.000000000000000,Small land slip that has lost some trees in area. More dead here than the other side,{5C20545C-1880-4F96-BC16-C0904F6E3D3F},7/05/2025 0:00:00, ,7/05/2025 0:00:00, ,4.000000000000000,50
